date,state,district,pincode,age_0_5,age_5_17,age_18_greater
03-09-2025,Tamil Nadu,Dharmapuri,636805,4,0,0
03-09-2025,Tamil Nadu,Dharmapuri,636809,3,0,0
02-09-2025,Tamil Nadu,Dharmapuri,635302,3,1,0
02-09-2025,Tamil Nadu,Dharmapuri,635305,2,1,0
02-09-2025,Tamil Nadu,Dharmapuri,636701,1,0,0
02-09-2025,Tamil Nadu,Dharmapuri,636808,7,1,0
02-09-2025,Tamil Nadu,Dharmapuri,636813,3,0,0
02-09-2025,Tamil Nadu,Dharmapuri,636902,1,0,0
02-09-2025,Tamil Nadu,Dharmapuri,636903,1,0,0
02-09-2025,Tamil Nadu,Dharmapuri,636905,9,1,0
01-09-2025,Tamil Nadu,Dharmapuri,635123,1,0,0
01-09-2025,Tamil Nadu,Dharmapuri,635305,3,0,0
01-09-2025,Tamil Nadu,Dharmapuri,636806,2,1,0
01-09-2025,Tamil Nadu,Dharmapuri,636809,7,1,0
05-09-2025,Tamil Nadu,Dharmapuri,636809,2,0,0
04-09-2025,Tamil Nadu,Dharmapuri,635205,4,4,0
04-09-2025,Tamil Nadu,Dharmapuri,636705,1,0,0
04-09-2025,Tamil Nadu,Dharmapuri,636807,2,0,0
04-09-2025,Tamil Nadu,Dharmapuri,636809,1,0,0
04-09-2025,Tamil Nadu,Dharmapuri,636902,1,0,0
04-09-2025,Tamil Nadu,Dharmapuri,636903,3,0,0
06-09-2025,Tamil Nadu,Dharmapuri,635202,6,0,0
06-09-2025,Tamil Nadu,Dharmapuri,635205,3,1,0
06-09-2025,Tamil Nadu,Dharmapuri,635303,1,0,0
06-09-2025,Tamil Nadu,Dharmapuri,636704,1,0,0
06-09-2025,Tamil Nadu,Dharmapuri,636807,3,1,0
06-09-2025,Tamil Nadu,Dharmapuri,636810,4,0,0
06-09-2025,Tamil Nadu,Dharmapuri,636902,4,1,0
08-09-2025,Tamil Nadu,Dharmapuri,635111,2,0,0
08-09-2025,Tamil Nadu,Dharmapuri,635303,4,0,0
08-09-2025,Tamil Nadu,Dharmapuri,636705,1,0,0
08-09-2025,Tamil Nadu,Dharmapuri,636805,2,0,0
08-09-2025,Tamil Nadu,Dharmapuri,636808,4,0,0
08-09-2025,Tamil Nadu,Dharmapuri,636902,0,1,0
09-09-2025,Tamil Nadu,Dharmapuri,635201,1,0,0
09-09-2025,Tamil Nadu,Dharmapuri,636805,1,0,0
09-09-2025,Tamil Nadu,Dharmapuri,636810,14,4,0
09-09-2025,Tamil Nadu,Dharmapuri,636813,3,0,0
10-09-2025,Tamil Nadu,Dharmapuri,635106,1,0,0
10-09-2025,Tamil Nadu,Dharmapuri,635303,2,0,0
10-09-2025,Tamil Nadu,Dharmapuri,636352,1,0,0
10-09-2025,Tamil Nadu,Dharmapuri,636804,0,1,0
10-09-2025,Tamil Nadu,Dharmapuri,636805,2,0,0
10-09-2025,Tamil Nadu,Dharmapuri,636905,1,0,0
11-09-2025,Tamil Nadu,Dharmapuri,636701,1,0,0
11-09-2025,Tamil Nadu,Dharmapuri,636805,1,0,0
11-09-2025,Tamil Nadu,Dharmapuri,636903,1,0,0
11-09-2025,Tamil Nadu,Dharmapuri,636904,1,0,0
14-09-2025,Tamil Nadu,Dharmapuri,636704,1,0,0
12-09-2025,Tamil Nadu,Dharmapuri,635302,0,1,0
12-09-2025,Tamil Nadu,Dharmapuri,635305,4,0,0
12-09-2025,Tamil Nadu,Dharmapuri,636804,1,2,0
12-09-2025,Tamil Nadu,Dharmapuri,636810,15,2,0
12-09-2025,Tamil Nadu,Dharmapuri,636813,3,0,0
13-09-2025,Tamil Nadu,Dharmapuri,635116,1,0,0
13-09-2025,Tamil Nadu,Dharmapuri,635301,1,0,0
13-09-2025,Tamil Nadu,Dharmapuri,636812,1,1,0
16-09-2025,Tamil Nadu,Dharmapuri,635116,1,0,0
16-09-2025,Tamil Nadu,Dharmapuri,635302,1,0,0
16-09-2025,Tamil Nadu,Dharmapuri,636704,6,0,0
16-09-2025,Tamil Nadu,Dharmapuri,636803,4,1,0
16-09-2025,Tamil Nadu,Dharmapuri,636808,5,2,0
15-09-2025,Tamil Nadu,Dharmapuri,635116,1,0,0
15-09-2025,Tamil Nadu,Dharmapuri,635202,3,0,0
15-09-2025,Tamil Nadu,Dharmapuri,635302,1,0,0
15-09-2025,Tamil Nadu,Dharmapuri,636811,3,0,0
17-09-2025,Tamil Nadu,Dharmapuri,635205,1,0,0
17-09-2025,Tamil Nadu,Dharmapuri,636705,1,0,0
17-09-2025,Tamil Nadu,Dharmapuri,636809,2,1,0
18-09-2025,Tamil Nadu,Dharmapuri,635202,1,1,0
18-09-2025,Tamil Nadu,Dharmapuri,636701,1,0,0
19-09-2025,Tamil Nadu,Dharmapuri,635202,2,1,0
19-09-2025,Tamil Nadu,Dharmapuri,636352,1,0,0
19-09-2025,Tamil Nadu,Dharmapuri,636701,3,0,0
19-09-2025,Tamil Nadu,Dharmapuri,636812,1,0,0
19-09-2025,Tamil Nadu,Dharmapuri,636904,1,0,0
19-09-2025,Tamil Nadu,Dharmapuri,636905,2,0,0
20-09-2025,Tamil Nadu,Dharmapuri,635301,3,0,0
20-09-2025,Tamil Nadu,Dharmapuri,636808,5,0,0
22-09-2025,Tamil Nadu,Dharmapuri,635111,1,1,0
22-09-2025,Tamil Nadu,Dharmapuri,635116,1,0,0
22-09-2025,Tamil Nadu,Dharmapuri,635301,5,0,0
22-09-2025,Tamil Nadu,Dharmapuri,635302,2,0,0
22-09-2025,Tamil Nadu,Dharmapuri,636806,2,0,0
22-09-2025,Tamil Nadu,Dharmapuri,636808,5,1,0
25-09-2025,Tamil Nadu,Dharmapuri,636352,1,0,0
25-09-2025,Tamil Nadu,Dharmapuri,636705,0,1,0
25-09-2025,Tamil Nadu,Dharmapuri,636808,9,0,0
25-09-2025,Tamil Nadu,Dharmapuri,636811,12,0,0
25-09-2025,Tamil Nadu,Dharmapuri,636902,2,0,0
25-09-2025,Tamil Nadu,Dharmapuri,636903,5,2,0
23-09-2025,Tamil Nadu,Dharmapuri,635123,1,0,0
23-09-2025,Tamil Nadu,Dharmapuri,635301,2,0,0
23-09-2025,Tamil Nadu,Dharmapuri,636808,6,2,0
23-09-2025,Tamil Nadu,Dharmapuri,636904,1,0,0
24-09-2025,Tamil Nadu,Dharmapuri,635202,3,0,0
24-09-2025,Tamil Nadu,Dharmapuri,635302,2,1,0
24-09-2025,Tamil Nadu,Dharmapuri,635305,2,0,0
24-09-2025,Tamil Nadu,Dharmapuri,636807,0,1,0
24-09-2025,Tamil Nadu,Dharmapuri,636811,2,0,0
24-09-2025,Tamil Nadu,Dharmapuri,636903,5,3,0
24-09-2025,Tamil Nadu,Dharmapuri,636906,4,0,0
27-09-2025,Tamil Nadu,Dharmapuri,636807,2,0,0
26-09-2025,Tamil Nadu,Dharmapuri,635205,0,2,0
26-09-2025,Tamil Nadu,Dharmapuri,636701,4,0,0
26-09-2025,Tamil Nadu,Dharmapuri,636803,1,1,0
26-09-2025,Tamil Nadu,Dharmapuri,636807,2,0,0
26-09-2025,Tamil Nadu,Dharmapuri,636902,2,0,0
29-09-2025,Tamil Nadu,Dharmapuri,635202,1,0,0
29-09-2025,Tamil Nadu,Dharmapuri,636813,0,1,0
29-09-2025,Tamil Nadu,Dharmapuri,636906,1,0,0
26-10-2025,Tamil Nadu,Dharmapuri,635201,1,0,0
26-10-2025,Tamil Nadu,Dharmapuri,636808,4,0,0
26-10-2025,Tamil Nadu,Dharmapuri,636812,1,0,0
26-10-2025,Tamil Nadu,Dharmapuri,636905,1,0,0
13-10-2025,Tamil Nadu,Dharmapuri,635302,1,1,0
13-10-2025,Tamil Nadu,Dharmapuri,635303,1,0,0
13-10-2025,Tamil Nadu,Dharmapuri,636705,5,0,0
13-10-2025,Tamil Nadu,Dharmapuri,636811,1,0,0
13-10-2025,Tamil Nadu,Dharmapuri,636906,5,0,0
15-10-2025,Tamil Nadu,Dharmapuri,636701,1,0,0
15-10-2025,Tamil Nadu,Dharmapuri,636807,3,1,0
16-10-2025,Tamil Nadu,Dharmapuri,636705,1,0,0
16-10-2025,Tamil Nadu,Dharmapuri,636805,3,0,0
16-10-2025,Tamil Nadu,Dharmapuri,636807,2,0,0
16-10-2025,Tamil Nadu,Dharmapuri,636813,1,1,2
16-10-2025,Tamil Nadu,Dharmapuri,636903,1,0,0
16-10-2025,Tamil Nadu,Dharmapuri,636904,3,0,0
17-10-2025,Tamil Nadu,Dharmapuri,635301,7,0,0
17-10-2025,Tamil Nadu,Dharmapuri,635303,3,0,0
17-10-2025,Tamil Nadu,Dharmapuri,636808,17,3,0
17-10-2025,Tamil Nadu,Dharmapuri,636813,6,1,0
17-10-2025,Tamil Nadu,Dharmapuri,636902,1,1,0
20-10-2025,Tamil Nadu,Dharmapuri,636705,2,0,0
20-10-2025,Tamil Nadu,Dharmapuri,636808,2,0,0
20-10-2025,Tamil Nadu,Dharmapuri,636903,3,1,0
18-10-2025,Tamil Nadu,Dharmapuri,635202,4,0,0
18-10-2025,Tamil Nadu,Dharmapuri,636705,1,0,0
18-10-2025,Tamil Nadu,Dharmapuri,636807,5,1,0
18-10-2025,Tamil Nadu,Dharmapuri,636813,2,0,0
19-10-2025,Tamil Nadu,Dharmapuri,635201,1,0,0
19-10-2025,Tamil Nadu,Dharmapuri,636701,1,1,0
19-10-2025,Tamil Nadu,Dharmapuri,636705,2,0,0
19-10-2025,Tamil Nadu,Dharmapuri,636807,2,0,0
19-10-2025,Tamil Nadu,Dharmapuri,636810,10,0,0
21-10-2025,Tamil Nadu,Dharmapuri,636903,2,0,0
24-10-2025,Tamil Nadu,Dharmapuri,635301,1,0,0
24-10-2025,Tamil Nadu,Dharmapuri,636805,1,1,0
24-10-2025,Tamil Nadu,Dharmapuri,636809,2,1,0
24-10-2025,Tamil Nadu,Dharmapuri,636811,1,1,1
25-10-2025,Tamil Nadu,Dharmapuri,635202,3,0,0
25-10-2025,Tamil Nadu,Dharmapuri,635305,1,2,0
25-10-2025,Tamil Nadu,Dharmapuri,636352,2,1,0
25-10-2025,Tamil Nadu,Dharmapuri,636701,2,0,0
25-10-2025,Tamil Nadu,Dharmapuri,636705,2,0,0
25-10-2025,Tamil Nadu,Dharmapuri,636803,1,0,0
25-10-2025,Tamil Nadu,Dharmapuri,636805,2,0,0
27-10-2025,Tamil Nadu,Dharmapuri,636807,2,0,0
27-10-2025,Tamil Nadu,Dharmapuri,636809,3,0,1
27-10-2025,Tamil Nadu,Dharmapuri,636906,1,0,0
28-10-2025,Tamil Nadu,Dharmapuri,635202,5,3,0
28-10-2025,Tamil Nadu,Dharmapuri,636701,2,0,0
28-10-2025,Tamil Nadu,Dharmapuri,636704,1,0,0
28-10-2025,Tamil Nadu,Dharmapuri,636804,3,0,0
28-10-2025,Tamil Nadu,Dharmapuri,636806,3,0,0
28-10-2025,Tamil Nadu,Dharmapuri,636810,6,1,0
28-10-2025,Tamil Nadu,Dharmapuri,636813,3,2,0
29-10-2025,Tamil Nadu,Dharmapuri,636903,2,0,0
30-10-2025,Tamil Nadu,Dharmapuri,635202,8,2,0
30-10-2025,Tamil Nadu,Dharmapuri,635303,3,3,0
30-10-2025,Tamil Nadu,Dharmapuri,636352,1,0,0
30-10-2025,Tamil Nadu,Dharmapuri,636705,1,0,0
30-10-2025,Tamil Nadu,Dharmapuri,636808,27,5,0
30-10-2025,Tamil Nadu,Dharmapuri,636811,4,1,0
30-10-2025,Tamil Nadu,Dharmapuri,636902,4,2,0
31-10-2025,Tamil Nadu,Dharmapuri,635106,1,0,0
31-10-2025,Tamil Nadu,Dharmapuri,635302,2,0,0
31-10-2025,Tamil Nadu,Dharmapuri,635305,4,1,0
31-10-2025,Tamil Nadu,Dharmapuri,636701,3,0,0
31-10-2025,Tamil Nadu,Dharmapuri,636705,1,0,0
31-10-2025,Tamil Nadu,Dharmapuri,636803,5,2,0
31-10-2025,Tamil Nadu,Dharmapuri,636804,3,1,0
01-11-2025,Tamil Nadu,Dharmapuri,635205,3,0,0
01-11-2025,Tamil Nadu,Dharmapuri,635302,1,0,0
01-11-2025,Tamil Nadu,Dharmapuri,636701,2,0,0
01-11-2025,Tamil Nadu,Dharmapuri,636810,3,0,0
02-11-2025,Tamil Nadu,Dharmapuri,635205,8,0,0
02-11-2025,Tamil Nadu,Dharmapuri,636808,14,0,0
02-11-2025,Tamil Nadu,Dharmapuri,636811,2,0,0
02-11-2025,Tamil Nadu,Dharmapuri,636902,3,1,0
02-11-2025,Tamil Nadu,Dharmapuri,636904,2,0,0
11-11-2025,Tamil Nadu,Dharmapuri,635116,1,0,0
11-11-2025,Tamil Nadu,Dharmapuri,636705,2,0,0
11-11-2025,Tamil Nadu,Dharmapuri,636806,1,0,0
11-11-2025,Tamil Nadu,Dharmapuri,636903,3,2,0
11-11-2025,Tamil Nadu,Dharmapuri,636906,1,1,0
12-11-2025,Tamil Nadu,Dharmapuri,636809,1,1,0
12-11-2025,Tamil Nadu,Dharmapuri,636902,1,0,0
16-11-2025,Tamil Nadu,Dharmapuri,635111,3,1,0
16-11-2025,Tamil Nadu,Dharmapuri,636810,7,1,0
16-11-2025,Tamil Nadu,Dharmapuri,636811,1,0,0
15-11-2025,Tamil Nadu,Dharmapuri,635111,3,1,0
15-11-2025,Tamil Nadu,Dharmapuri,636705,5,0,0
15-11-2025,Tamil Nadu,Dharmapuri,636808,10,0,1
15-11-2025,Tamil Nadu,Dharmapuri,636811,3,0,0
05-11-2025,Tamil Nadu,Dharmapuri,635202,4,2,0
05-11-2025,Tamil Nadu,Dharmapuri,635303,2,0,0
05-11-2025,Tamil Nadu,Dharmapuri,636705,1,0,0
05-11-2025,Tamil Nadu,Dharmapuri,636812,3,0,0
03-11-2025,Tamil Nadu,Dharmapuri,635303,2,0,0
03-11-2025,Tamil Nadu,Dharmapuri,636809,7,2,0
03-11-2025,Tamil Nadu,Dharmapuri,636902,1,0,0
03-11-2025,Tamil Nadu,Dharmapuri,636904,4,1,0
07-11-2025,Tamil Nadu,Dharmapuri,635116,1,0,0
07-11-2025,Tamil Nadu,Dharmapuri,635202,3,1,0
07-11-2025,Tamil Nadu,Dharmapuri,636705,3,0,0
07-11-2025,Tamil Nadu,Dharmapuri,636804,0,1,0
07-11-2025,Tamil Nadu,Dharmapuri,636808,5,0,0
07-11-2025,Tamil Nadu,Dharmapuri,636903,2,2,0
06-11-2025,Tamil Nadu,Dharmapuri,636701,4,1,0
06-11-2025,Tamil Nadu,Dharmapuri,636704,3,0,0
06-11-2025,Tamil Nadu,Dharmapuri,636705,2,0,0
06-11-2025,Tamil Nadu,Dharmapuri,636807,4,3,0
06-11-2025,Tamil Nadu,Dharmapuri,636903,3,4,0
08-11-2025,Tamil Nadu,Dharmapuri,635111,2,0,0
08-11-2025,Tamil Nadu,Dharmapuri,635205,1,1,0
08-11-2025,Tamil Nadu,Dharmapuri,636704,4,0,0
08-11-2025,Tamil Nadu,Dharmapuri,636803,3,0,0
08-11-2025,Tamil Nadu,Dharmapuri,636807,0,1,0
08-11-2025,Tamil Nadu,Dharmapuri,636808,7,0,0
08-11-2025,Tamil Nadu,Dharmapuri,636903,1,0,0
08-11-2025,Tamil Nadu,Dharmapuri,636905,0,2,0
09-11-2025,Tamil Nadu,Dharmapuri,635116,1,0,0
09-11-2025,Tamil Nadu,Dharmapuri,636806,5,0,0
09-11-2025,Tamil Nadu,Dharmapuri,636810,2,1,0
09-11-2025,Tamil Nadu,Dharmapuri,636813,6,0,0
10-11-2025,Tamil Nadu,Dharmapuri,635111,2,0,0
10-11-2025,Tamil Nadu,Dharmapuri,635123,1,1,0
10-11-2025,Tamil Nadu,Dharmapuri,636805,1,0,0
10-11-2025,Tamil Nadu,Dharmapuri,636905,1,0,0
10-11-2025,Tamil Nadu,Dharmapuri,636906,1,0,0
13-11-2025,Tamil Nadu,Dharmapuri,636809,2,1,0
13-11-2025,Tamil Nadu,Dharmapuri,636810,5,0,0
14-11-2025,Tamil Nadu,Dharmapuri,636701,1,0,0
14-11-2025,Tamil Nadu,Dharmapuri,636704,5,0,0
14-11-2025,Tamil Nadu,Dharmapuri,636803,1,0,0
14-11-2025,Tamil Nadu,Dharmapuri,636804,1,0,0
14-11-2025,Tamil Nadu,Dharmapuri,636807,1,1,0
14-11-2025,Tamil Nadu,Dharmapuri,636813,3,0,0
18-11-2025,Tamil Nadu,Dharmapuri,635123,1,0,0
18-11-2025,Tamil Nadu,Dharmapuri,635302,2,0,0
18-11-2025,Tamil Nadu,Dharmapuri,636704,2,0,0
18-11-2025,Tamil Nadu,Dharmapuri,636808,6,0,0
18-11-2025,Tamil Nadu,Dharmapuri,636810,9,2,0
17-11-2025,Tamil Nadu,Dharmapuri,635305,1,0,0
17-11-2025,Tamil Nadu,Dharmapuri,636809,4,0,0
17-11-2025,Tamil Nadu,Dharmapuri,636812,2,0,0
17-11-2025,Tamil Nadu,Dharmapuri,636903,1,1,0
19-11-2025,Tamil Nadu,Dharmapuri,635116,1,0,0
19-11-2025,Tamil Nadu,Dharmapuri,636811,1,0,0
25-11-2025,Tamil Nadu,Dharmapuri,635111,1,0,0
25-11-2025,Tamil Nadu,Dharmapuri,635116,1,0,0
25-11-2025,Tamil Nadu,Dharmapuri,636704,3,1,0
25-11-2025,Tamil Nadu,Dharmapuri,636807,1,1,0
25-11-2025,Tamil Nadu,Dharmapuri,636808,13,1,0
25-11-2025,Tamil Nadu,Dharmapuri,636810,6,2,0
25-11-2025,Tamil Nadu,Dharmapuri,636903,3,1,0
25-11-2025,Tamil Nadu,Dharmapuri,636904,1,0,0
15-12-2025,Tamil Nadu,Dharmapuri,635111,2,0,0
15-12-2025,Tamil Nadu,Dharmapuri,635116,1,0,0
15-12-2025,Tamil Nadu,Dharmapuri,635207,1,0,0
15-12-2025,Tamil Nadu,Dharmapuri,636804,2,0,0
15-12-2025,Tamil Nadu,Dharmapuri,636902,5,1,0
15-12-2025,Tamil Nadu,Dharmapuri,636904,2,0,0
15-12-2025,Tamil Nadu,Dharmapuri,636906,8,2,0
21-12-2025,Tamil Nadu,Dharmapuri,635111,1,0,0
21-12-2025,Tamil Nadu,Dharmapuri,635116,1,0,0
21-12-2025,Tamil Nadu,Dharmapuri,635123,1,0,0
21-12-2025,Tamil Nadu,Dharmapuri,635305,1,0,0
21-12-2025,Tamil Nadu,Dharmapuri,636803,1,0,0
21-12-2025,Tamil Nadu,Dharmapuri,636804,3,0,0
22-12-2025,Tamil Nadu,Dharmapuri,636803,7,0,0
22-12-2025,Tamil Nadu,Dharmapuri,636804,4,0,0
22-12-2025,Tamil Nadu,Dharmapuri,636810,10,0,0
22-12-2025,Tamil Nadu,Dharmapuri,636811,3,0,0
22-12-2025,Tamil Nadu,Dharmapuri,636902,1,0,0
23-12-2025,Tamil Nadu,Dharmapuri,635205,8,0,0
23-12-2025,Tamil Nadu,Dharmapuri,635302,3,0,0
23-12-2025,Tamil Nadu,Dharmapuri,636704,5,0,0
23-12-2025,Tamil Nadu,Dharmapuri,636803,1,0,0
23-12-2025,Tamil Nadu,Dharmapuri,636806,2,0,0
23-12-2025,Tamil Nadu,Dharmapuri,636807,1,0,0
23-12-2025,Tamil Nadu,Dharmapuri,636809,3,0,0
24-12-2025,Tamil Nadu,Dharmapuri,635205,5,0,0
24-12-2025,Tamil Nadu,Dharmapuri,635305,3,0,1
24-12-2025,Tamil Nadu,Dharmapuri,636805,2,0,0
24-12-2025,Tamil Nadu,Dharmapuri,636809,3,0,2
24-12-2025,Tamil Nadu,Dharmapuri,636904,1,0,0
24-12-2025,Tamil Nadu,Dharmapuri,636905,2,1,0
25-12-2025,Tamil Nadu,Dharmapuri,635205,1,0,1
25-12-2025,Tamil Nadu,Dharmapuri,635305,1,4,0
25-12-2025,Tamil Nadu,Dharmapuri,636704,1,0,0
25-12-2025,Tamil Nadu,Dharmapuri,636813,2,1,0
25-12-2025,Tamil Nadu,Dharmapuri,636905,1,0,0
25-12-2025,Tamil Nadu,Dharmapuri,636906,0,1,0
26-12-2025,Tamil Nadu,Dharmapuri,636804,1,0,0
26-12-2025,Tamil Nadu,Dharmapuri,636807,1,0,0
26-12-2025,Tamil Nadu,Dharmapuri,636903,1,0,0
26-12-2025,Tamil Nadu,Dharmapuri,636904,1,0,0
26-12-2025,Tamil Nadu,Dharmapuri,636905,2,1,0
27-12-2025,Tamil Nadu,Dharmapuri,635106,1,0,0
27-12-2025,Tamil Nadu,Dharmapuri,636704,4,0,0
27-12-2025,Tamil Nadu,Dharmapuri,636902,1,1,0
27-12-2025,Tamil Nadu,Dharmapuri,636905,2,0,0
29-12-2025,Tamil Nadu,Dharmapuri,635202,0,1,0
29-12-2025,Tamil Nadu,Dharmapuri,635301,2,0,0
29-12-2025,Tamil Nadu,Dharmapuri,635302,3,0,0
29-12-2025,Tamil Nadu,Dharmapuri,635303,1,0,0
29-12-2025,Tamil Nadu,Dharmapuri,636808,3,0,0
29-12-2025,Tamil Nadu,Dharmapuri,636809,4,1,0
29-12-2025,Tamil Nadu,Dharmapuri,636903,0,1,0
28-12-2025,Tamil Nadu,Dharmapuri,636704,3,1,0
28-12-2025,Tamil Nadu,Dharmapuri,636804,0,1,0
28-12-2025,Tamil Nadu,Dharmapuri,636809,6,0,0
28-12-2025,Tamil Nadu,Dharmapuri,636813,2,0,0
28-12-2025,Tamil Nadu,Dharmapuri,636905,1,0,0
01-01-2026,Tamil Nadu,Dharmapuri,635106,1,0,0
01-01-2026,Tamil Nadu,Dharmapuri,635205,4,3,0
01-01-2026,Tamil Nadu,Dharmapuri,635304,1,0,0
01-01-2026,Tamil Nadu,Dharmapuri,636701,5,0,0
01-01-2026,Tamil Nadu,Dharmapuri,636804,3,2,0
01-01-2026,Tamil Nadu,Dharmapuri,636812,2,0,0
01-01-2026,Tamil Nadu,Dharmapuri,636813,6,3,0
01-01-2026,Tamil Nadu,Dharmapuri,636904,3,0,0
31-12-2025,Tamil Nadu,Dharmapuri,635301,4,1,0
31-12-2025,Tamil Nadu,Dharmapuri,636704,4,0,0
31-12-2025,Tamil Nadu,Dharmapuri,636705,4,1,0
31-12-2025,Tamil Nadu,Dharmapuri,636805,0,3,0
31-12-2025,Tamil Nadu,Dharmapuri,636810,4,8,0
02-01-2026,Tamil Nadu,Dharmapuri,635123,1,0,0
02-01-2026,Tamil Nadu,Dharmapuri,636705,2,1,0
02-01-2026,Tamil Nadu,Dharmapuri,636809,6,2,0
02-01-2026,Tamil Nadu,Dharmapuri,636812,0,1,0
03-01-2026,Tamil Nadu,Dharmapuri,635303,0,1,0
03-01-2026,Tamil Nadu,Dharmapuri,636813,0,1,0
09-06-2025,Tamil Nadu,Dharmapuri,635202,3,3,0
09-06-2025,Tamil Nadu,Dharmapuri,635303,2,4,0
09-06-2025,Tamil Nadu,Dharmapuri,636906,5,2,0
10-06-2025,Tamil Nadu,Dharmapuri,635305,2,0,0
10-06-2025,Tamil Nadu,Dharmapuri,636701,5,1,0
10-06-2025,Tamil Nadu,Dharmapuri,636809,5,2,0
10-06-2025,Tamil Nadu,Dharmapuri,636810,3,1,0
11-06-2025,Tamil Nadu,Dharmapuri,635301,0,2,0
11-06-2025,Tamil Nadu,Dharmapuri,636701,7,1,0
11-06-2025,Tamil Nadu,Dharmapuri,636704,4,0,0
11-06-2025,Tamil Nadu,Dharmapuri,636705,2,0,0
11-06-2025,Tamil Nadu,Dharmapuri,636804,3,1,0
11-06-2025,Tamil Nadu,Dharmapuri,636812,1,0,0
11-06-2025,Tamil Nadu,Dharmapuri,636904,1,0,0
11-06-2025,Tamil Nadu,Dharmapuri,636906,3,1,0
12-06-2025,Tamil Nadu,Dharmapuri,635123,1,0,0
12-06-2025,Tamil Nadu,Dharmapuri,635303,4,1,0
12-06-2025,Tamil Nadu,Dharmapuri,636352,1,0,0
12-06-2025,Tamil Nadu,Dharmapuri,636805,2,1,0
12-06-2025,Tamil Nadu,Dharmapuri,636810,3,3,0
12-06-2025,Tamil Nadu,Dharmapuri,636811,1,2,0
12-06-2025,Tamil Nadu,Dharmapuri,636813,4,2,0
13-06-2025,Tamil Nadu,Dharmapuri,636807,3,1,0
13-06-2025,Tamil Nadu,Dharmapuri,636811,3,0,0
13-06-2025,Tamil Nadu,Dharmapuri,636905,2,0,0
16-06-2025,Tamil Nadu,Dharmapuri,636903,6,5,0
14-06-2025,Tamil Nadu,Dharmapuri,636805,1,1,0
14-06-2025,Tamil Nadu,Dharmapuri,636813,4,0,0
14-06-2025,Tamil Nadu,Dharmapuri,636905,1,0,0
18-06-2025,Tamil Nadu,Dharmapuri,635111,0,3,0
18-06-2025,Tamil Nadu,Dharmapuri,636705,4,0,0
18-06-2025,Tamil Nadu,Dharmapuri,636806,3,1,0
18-06-2025,Tamil Nadu,Dharmapuri,636808,5,3,0
19-06-2025,Tamil Nadu,Dharmapuri,635205,1,0,0
19-06-2025,Tamil Nadu,Dharmapuri,636352,1,0,0
19-06-2025,Tamil Nadu,Dharmapuri,636705,1,0,0
19-06-2025,Tamil Nadu,Dharmapuri,636809,5,0,0
19-06-2025,Tamil Nadu,Dharmapuri,636904,2,1,0
19-06-2025,Tamil Nadu,Dharmapuri,636906,1,1,0
17-06-2025,Tamil Nadu,Dharmapuri,635115,1,0,0
17-06-2025,Tamil Nadu,Dharmapuri,636704,1,0,0
17-06-2025,Tamil Nadu,Dharmapuri,636808,14,5,0
17-06-2025,Tamil Nadu,Dharmapuri,636905,11,1,0
03-09-2025,Tamil Nadu,Dharmapuri,636705,2,0,0
03-09-2025,Tamil Nadu,Dharmapuri,636902,1,0,0
03-09-2025,Tamil Nadu,Dharmapuri,636905,2,1,0
03-09-2025,Tamil Nadu,Dharmapuri,636906,5,0,0
02-09-2025,Tamil Nadu,Dharmapuri,635106,1,0,0
02-09-2025,Tamil Nadu,Dharmapuri,636804,2,0,0
01-09-2025,Tamil Nadu,Dharmapuri,635205,1,1,0
01-09-2025,Tamil Nadu,Dharmapuri,636805,3,0,0
01-09-2025,Tamil Nadu,Dharmapuri,636811,0,1,0
01-09-2025,Tamil Nadu,Dharmapuri,636903,7,3,0
06-09-2025,Tamil Nadu,Dharmapuri,635116,1,0,0
06-09-2025,Tamil Nadu,Dharmapuri,635123,1,0,0
06-09-2025,Tamil Nadu,Dharmapuri,635305,2,0,0
06-09-2025,Tamil Nadu,Dharmapuri,636352,1,0,0
06-09-2025,Tamil Nadu,Dharmapuri,636705,0,1,0
06-09-2025,Tamil Nadu,Dharmapuri,636808,6,0,0
06-09-2025,Tamil Nadu,Dharmapuri,636809,5,1,0
06-09-2025,Tamil Nadu,Dharmapuri,636905,1,0,0
04-09-2025,Tamil Nadu,Dharmapuri,636906,1,0,0
07-09-2025,Tamil Nadu,Dharmapuri,636808,1,1,0
09-09-2025,Tamil Nadu,Dharmapuri,635305,3,0,0
09-09-2025,Tamil Nadu,Dharmapuri,636705,1,0,0
09-09-2025,Tamil Nadu,Dharmapuri,636803,2,0,0
09-09-2025,Tamil Nadu,Dharmapuri,636806,1,1,0
09-09-2025,Tamil Nadu,Dharmapuri,636808,10,0,0
09-09-2025,Tamil Nadu,Dharmapuri,636903,4,2,0
08-09-2025,Tamil Nadu,Dharmapuri,635302,1,0,0
08-09-2025,Tamil Nadu,Dharmapuri,635305,2,0,0
08-09-2025,Tamil Nadu,Dharmapuri,636807,6,0,0
10-09-2025,Tamil Nadu,Dharmapuri,636803,2,2,0
10-09-2025,Tamil Nadu,Dharmapuri,636902,1,0,0
10-09-2025,Tamil Nadu,Dharmapuri,636906,0,2,0
11-09-2025,Tamil Nadu,Dharmapuri,636806,1,0,0
11-09-2025,Tamil Nadu,Dharmapuri,636807,4,0,0
14-09-2025,Tamil Nadu,Dharmapuri,636352,0,1,0
12-09-2025,Tamil Nadu,Dharmapuri,635123,1,0,0
12-09-2025,Tamil Nadu,Dharmapuri,636806,5,0,0
12-09-2025,Tamil Nadu,Dharmapuri,636807,5,2,0
13-09-2025,Tamil Nadu,Dharmapuri,635111,1,0,0
13-09-2025,Tamil Nadu,Dharmapuri,635202,2,0,0
13-09-2025,Tamil Nadu,Dharmapuri,635205,0,2,0
13-09-2025,Tamil Nadu,Dharmapuri,635207,1,0,0
13-09-2025,Tamil Nadu,Dharmapuri,636705,1,0,0
13-09-2025,Tamil Nadu,Dharmapuri,636803,1,2,0
13-09-2025,Tamil Nadu,Dharmapuri,636809,6,3,0
13-09-2025,Tamil Nadu,Dharmapuri,636810,10,0,0
13-09-2025,Tamil Nadu,Dharmapuri,636811,5,0,0
16-09-2025,Tamil Nadu,Dharmapuri,635111,2,0,0
16-09-2025,Tamil Nadu,Dharmapuri,635202,2,0,0
16-09-2025,Tamil Nadu,Dharmapuri,636806,12,3,0
16-09-2025,Tamil Nadu,Dharmapuri,636902,4,1,0
16-09-2025,Tamil Nadu,Dharmapuri,636906,3,0,0
17-09-2025,Tamil Nadu,Dharmapuri,636352,2,0,0
17-09-2025,Tamil Nadu,Dharmapuri,636807,3,1,0
17-09-2025,Tamil Nadu,Dharmapuri,636808,6,0,0
17-09-2025,Tamil Nadu,Dharmapuri,636811,2,0,0
17-09-2025,Tamil Nadu,Dharmapuri,636813,4,1,0
15-09-2025,Tamil Nadu,Dharmapuri,635111,2,0,0
15-09-2025,Tamil Nadu,Dharmapuri,635205,1,0,0
15-09-2025,Tamil Nadu,Dharmapuri,635303,1,0,0
15-09-2025,Tamil Nadu,Dharmapuri,636701,2,0,0
15-09-2025,Tamil Nadu,Dharmapuri,636803,2,1,0
15-09-2025,Tamil Nadu,Dharmapuri,636808,7,1,0
15-09-2025,Tamil Nadu,Dharmapuri,636809,7,0,0
19-09-2025,Tamil Nadu,Dharmapuri,635303,2,0,0
19-09-2025,Tamil Nadu,Dharmapuri,636806,0,1,0
19-09-2025,Tamil Nadu,Dharmapuri,636807,3,0,0
19-09-2025,Tamil Nadu,Dharmapuri,636809,3,0,0
19-09-2025,Tamil Nadu,Dharmapuri,636810,3,1,0
19-09-2025,Tamil Nadu,Dharmapuri,636813,3,1,0
18-09-2025,Tamil Nadu,Dharmapuri,635111,1,0,0
18-09-2025,Tamil Nadu,Dharmapuri,635116,1,0,0
18-09-2025,Tamil Nadu,Dharmapuri,636803,2,0,0
18-09-2025,Tamil Nadu,Dharmapuri,636804,1,0,0
18-09-2025,Tamil Nadu,Dharmapuri,636806,4,0,0
18-09-2025,Tamil Nadu,Dharmapuri,636807,3,1,0
18-09-2025,Tamil Nadu,Dharmapuri,636809,4,0,0
18-09-2025,Tamil Nadu,Dharmapuri,636905,1,0,0
20-09-2025,Tamil Nadu,Dharmapuri,635305,1,2,0
20-09-2025,Tamil Nadu,Dharmapuri,636705,2,1,0
20-09-2025,Tamil Nadu,Dharmapuri,636803,1,0,0
20-09-2025,Tamil Nadu,Dharmapuri,636806,1,0,0
20-09-2025,Tamil Nadu,Dharmapuri,636813,1,0,0
20-09-2025,Tamil Nadu,Dharmapuri,636903,1,1,0
20-09-2025,Tamil Nadu,Dharmapuri,636906,1,0,0
22-09-2025,Tamil Nadu,Dharmapuri,635303,3,0,0
22-09-2025,Tamil Nadu,Dharmapuri,636701,4,1,0
22-09-2025,Tamil Nadu,Dharmapuri,636807,2,1,0
22-09-2025,Tamil Nadu,Dharmapuri,636811,1,0,0
22-09-2025,Tamil Nadu,Dharmapuri,636904,3,0,0
22-09-2025,Tamil Nadu,Dharmapuri,636906,1,0,0
25-09-2025,Tamil Nadu,Dharmapuri,635205,1,0,0
25-09-2025,Tamil Nadu,Dharmapuri,636704,3,0,0
25-09-2025,Tamil Nadu,Dharmapuri,636803,3,1,0
25-09-2025,Tamil Nadu,Dharmapuri,636804,1,0,0
23-09-2025,Tamil Nadu,Dharmapuri,635303,6,0,0
23-09-2025,Tamil Nadu,Dharmapuri,636705,1,0,0
23-09-2025,Tamil Nadu,Dharmapuri,636803,2,0,0
23-09-2025,Tamil Nadu,Dharmapuri,636805,2,0,0
23-09-2025,Tamil Nadu,Dharmapuri,636809,3,2,0
23-09-2025,Tamil Nadu,Dharmapuri,636906,1,0,0
24-09-2025,Tamil Nadu,Dharmapuri,635111,2,0,0
24-09-2025,Tamil Nadu,Dharmapuri,636812,1,1,0
24-09-2025,Tamil Nadu,Dharmapuri,636813,3,0,0
29-09-2025,Tamil Nadu,Dharmapuri,636810,1,0,0
27-09-2025,Tamil Nadu,Dharmapuri,635302,1,0,0
27-09-2025,Tamil Nadu,Dharmapuri,636803,1,0,0
27-09-2025,Tamil Nadu,Dharmapuri,636811,1,0,0
27-09-2025,Tamil Nadu,Dharmapuri,636813,1,0,0
26-09-2025,Tamil Nadu,Dharmapuri,635123,1,0,0
26-09-2025,Tamil Nadu,Dharmapuri,635302,1,0,0
26-09-2025,Tamil Nadu,Dharmapuri,636705,7,0,0
26-09-2025,Tamil Nadu,Dharmapuri,636806,3,0,0
26-09-2025,Tamil Nadu,Dharmapuri,636810,6,0,0
26-09-2025,Tamil Nadu,Dharmapuri,636905,2,1,0
26-10-2025,Tamil Nadu,Dharmapuri,635111,1,1,0
26-10-2025,Tamil Nadu,Dharmapuri,635116,1,0,0
26-10-2025,Tamil Nadu,Dharmapuri,636804,1,0,0
26-10-2025,Tamil Nadu,Dharmapuri,636805,2,0,0
26-10-2025,Tamil Nadu,Dharmapuri,636813,2,1,0
13-10-2025,Tamil Nadu,Dharmapuri,635116,1,0,0
13-10-2025,Tamil Nadu,Dharmapuri,635202,5,1,0
13-10-2025,Tamil Nadu,Dharmapuri,636704,1,1,0
13-10-2025,Tamil Nadu,Dharmapuri,636803,9,1,0
13-10-2025,Tamil Nadu,Dharmapuri,636806,1,0,0
13-10-2025,Tamil Nadu,Dharmapuri,636810,7,1,0
13-10-2025,Tamil Nadu,Dharmapuri,636812,0,1,0
13-10-2025,Tamil Nadu,Dharmapuri,636902,1,0,0
13-10-2025,Tamil Nadu,Dharmapuri,636903,3,1,0
13-10-2025,Tamil Nadu,Dharmapuri,636905,1,0,0
16-10-2025,Tamil Nadu,Dharmapuri,635301,1,0,0
16-10-2025,Tamil Nadu,Dharmapuri,635302,1,0,0
16-10-2025,Tamil Nadu,Dharmapuri,635305,1,0,0
16-10-2025,Tamil Nadu,Dharmapuri,636701,1,1,0
16-10-2025,Tamil Nadu,Dharmapuri,636704,1,1,0
16-10-2025,Tamil Nadu,Dharmapuri,636803,3,0,0
16-10-2025,Tamil Nadu,Dharmapuri,636809,0,1,0
16-10-2025,Tamil Nadu,Dharmapuri,636905,0,2,0
16-10-2025,Tamil Nadu,Dharmapuri,636906,1,0,0
15-10-2025,Tamil Nadu,Dharmapuri,635302,2,0,0
15-10-2025,Tamil Nadu,Dharmapuri,635305,6,0,0
15-10-2025,Tamil Nadu,Dharmapuri,636803,4,0,0
15-10-2025,Tamil Nadu,Dharmapuri,636804,1,0,0
15-10-2025,Tamil Nadu,Dharmapuri,636806,1,0,0
15-10-2025,Tamil Nadu,Dharmapuri,636809,0,1,0
15-10-2025,Tamil Nadu,Dharmapuri,636813,2,0,1
17-10-2025,Tamil Nadu,Dharmapuri,635205,4,0,0
17-10-2025,Tamil Nadu,Dharmapuri,635302,1,0,0
17-10-2025,Tamil Nadu,Dharmapuri,635305,6,1,0
17-10-2025,Tamil Nadu,Dharmapuri,636704,3,0,0
17-10-2025,Tamil Nadu,Dharmapuri,636803,2,0,0
17-10-2025,Tamil Nadu,Dharmapuri,636804,4,1,0
17-10-2025,Tamil Nadu,Dharmapuri,636903,8,1,0
17-10-2025,Tamil Nadu,Dharmapuri,636906,2,1,0
19-10-2025,Tamil Nadu,Dharmapuri,635111,1,1,0
19-10-2025,Tamil Nadu,Dharmapuri,635305,2,0,0
19-10-2025,Tamil Nadu,Dharmapuri,636704,2,0,0
19-10-2025,Tamil Nadu,Dharmapuri,636902,1,1,0
19-10-2025,Tamil Nadu,Dharmapuri,636903,4,1,0
19-10-2025,Tamil Nadu,Dharmapuri,636905,1,0,0
18-10-2025,Tamil Nadu,Dharmapuri,635301,3,1,0
18-10-2025,Tamil Nadu,Dharmapuri,636352,0,1,0
18-10-2025,Tamil Nadu,Dharmapuri,636701,1,0,0
18-10-2025,Tamil Nadu,Dharmapuri,636804,1,0,0
18-10-2025,Tamil Nadu,Dharmapuri,636811,3,0,0
18-10-2025,Tamil Nadu,Dharmapuri,636812,0,1,0
18-10-2025,Tamil Nadu,Dharmapuri,636906,3,1,0
21-10-2025,Tamil Nadu,Dharmapuri,636807,0,1,0
21-10-2025,Tamil Nadu,Dharmapuri,636808,1,0,0
20-10-2025,Tamil Nadu,Dharmapuri,635111,2,0,0
20-10-2025,Tamil Nadu,Dharmapuri,635301,3,0,0
20-10-2025,Tamil Nadu,Dharmapuri,635305,2,0,0
20-10-2025,Tamil Nadu,Dharmapuri,636704,1,0,0
20-10-2025,Tamil Nadu,Dharmapuri,636813,2,0,0
24-10-2025,Tamil Nadu,Dharmapuri,635305,2,0,0
24-10-2025,Tamil Nadu,Dharmapuri,636704,2,0,0
25-10-2025,Tamil Nadu,Dharmapuri,635205,2,0,0
25-10-2025,Tamil Nadu,Dharmapuri,636804,0,1,0
25-10-2025,Tamil Nadu,Dharmapuri,636807,2,1,0
25-10-2025,Tamil Nadu,Dharmapuri,636813,4,1,0
27-10-2025,Tamil Nadu,Dharmapuri,636704,2,1,0
27-10-2025,Tamil Nadu,Dharmapuri,636811,2,1,0
27-10-2025,Tamil Nadu,Dharmapuri,636813,4,1,0
27-10-2025,Tamil Nadu,Dharmapuri,636903,2,1,0
28-10-2025,Tamil Nadu,Dharmapuri,636352,1,0,0
28-10-2025,Tamil Nadu,Dharmapuri,636705,3,0,0
28-10-2025,Tamil Nadu,Dharmapuri,636803,3,0,0
28-10-2025,Tamil Nadu,Dharmapuri,636807,6,2,0
28-10-2025,Tamil Nadu,Dharmapuri,636809,4,0,0
28-10-2025,Tamil Nadu,Dharmapuri,636904,2,0,0
28-10-2025,Tamil Nadu,Dharmapuri,636906,4,0,0
03-11-2025,Tamil Nadu,Dharmapuri,635111,2,0,0
03-11-2025,Tamil Nadu,Dharmapuri,635202,6,0,0
03-11-2025,Tamil Nadu,Dharmapuri,635305,4,0,0
03-11-2025,Tamil Nadu,Dharmapuri,636352,3,0,0
03-11-2025,Tamil Nadu,Dharmapuri,636810,7,0,0
03-11-2025,Tamil Nadu,Dharmapuri,636906,6,2,0
05-11-2025,Tamil Nadu,Dharmapuri,635111,3,0,0
05-11-2025,Tamil Nadu,Dharmapuri,636807,3,1,0
06-11-2025,Tamil Nadu,Dharmapuri,635202,4,0,0
06-11-2025,Tamil Nadu,Dharmapuri,635305,1,0,0
06-11-2025,Tamil Nadu,Dharmapuri,636810,6,2,0
06-11-2025,Tamil Nadu,Dharmapuri,636902,1,0,0
06-11-2025,Tamil Nadu,Dharmapuri,636906,1,0,0
07-11-2025,Tamil Nadu,Dharmapuri,635111,1,0,0
07-11-2025,Tamil Nadu,Dharmapuri,636806,5,1,0
07-11-2025,Tamil Nadu,Dharmapuri,636906,0,2,0
08-11-2025,Tamil Nadu,Dharmapuri,636806,3,0,0
09-11-2025,Tamil Nadu,Dharmapuri,635301,4,1,0
09-11-2025,Tamil Nadu,Dharmapuri,636807,3,1,0
09-11-2025,Tamil Nadu,Dharmapuri,636905,1,0,0
10-11-2025,Tamil Nadu,Dharmapuri,635205,2,2,0
10-11-2025,Tamil Nadu,Dharmapuri,635305,4,0,0
10-11-2025,Tamil Nadu,Dharmapuri,636806,6,0,0
10-11-2025,Tamil Nadu,Dharmapuri,636808,8,3,0
10-11-2025,Tamil Nadu,Dharmapuri,636810,9,0,0
10-11-2025,Tamil Nadu,Dharmapuri,636903,5,3,0
30-10-2025,Tamil Nadu,Dharmapuri,635305,2,1,0
30-10-2025,Tamil Nadu,Dharmapuri,636704,6,0,0
30-10-2025,Tamil Nadu,Dharmapuri,636805,5,1,0
30-10-2025,Tamil Nadu,Dharmapuri,636809,18,2,0
30-10-2025,Tamil Nadu,Dharmapuri,636810,23,3,0
30-10-2025,Tamil Nadu,Dharmapuri,636812,1,1,0
30-10-2025,Tamil Nadu,Dharmapuri,636905,8,0,2
31-10-2025,Tamil Nadu,Dharmapuri,635111,2,0,0
31-10-2025,Tamil Nadu,Dharmapuri,635202,6,4,0
31-10-2025,Tamil Nadu,Dharmapuri,635303,5,0,0
29-10-2025,Tamil Nadu,Dharmapuri,635205,1,1,0
29-10-2025,Tamil Nadu,Dharmapuri,635301,1,0,0
29-10-2025,Tamil Nadu,Dharmapuri,635303,0,3,0
02-11-2025,Tamil Nadu,Dharmapuri,636803,5,0,0
02-11-2025,Tamil Nadu,Dharmapuri,636809,5,1,0
02-11-2025,Tamil Nadu,Dharmapuri,636812,4,0,0
01-11-2025,Tamil Nadu,Dharmapuri,636808,7,1,0
01-11-2025,Tamil Nadu,Dharmapuri,636809,9,1,0
01-11-2025,Tamil Nadu,Dharmapuri,636813,3,2,0
01-11-2025,Tamil Nadu,Dharmapuri,636902,1,0,0
01-11-2025,Tamil Nadu,Dharmapuri,636906,5,0,0
13-11-2025,Tamil Nadu,Dharmapuri,636352,2,0,0
13-11-2025,Tamil Nadu,Dharmapuri,636704,3,0,0
13-11-2025,Tamil Nadu,Dharmapuri,636705,4,0,0
13-11-2025,Tamil Nadu,Dharmapuri,636805,3,0,0
13-11-2025,Tamil Nadu,Dharmapuri,636813,4,0,0
13-11-2025,Tamil Nadu,Dharmapuri,636903,3,3,0
11-11-2025,Tamil Nadu,Dharmapuri,635111,2,0,0
11-11-2025,Tamil Nadu,Dharmapuri,635303,2,0,0
11-11-2025,Tamil Nadu,Dharmapuri,636811,2,0,0
11-11-2025,Tamil Nadu,Dharmapuri,636813,2,0,0
11-11-2025,Tamil Nadu,Dharmapuri,636902,0,1,0
12-11-2025,Tamil Nadu,Dharmapuri,635305,3,0,0
12-11-2025,Tamil Nadu,Dharmapuri,636701,4,0,0
12-11-2025,Tamil Nadu,Dharmapuri,636705,2,0,0
12-11-2025,Tamil Nadu,Dharmapuri,636804,1,0,0
12-11-2025,Tamil Nadu,Dharmapuri,636808,3,1,0
12-11-2025,Tamil Nadu,Dharmapuri,636905,1,0,0
15-11-2025,Tamil Nadu,Dharmapuri,635301,2,0,0
15-11-2025,Tamil Nadu,Dharmapuri,636352,1,0,0
15-11-2025,Tamil Nadu,Dharmapuri,636701,8,1,0
15-11-2025,Tamil Nadu,Dharmapuri,636812,3,1,0
14-11-2025,Tamil Nadu,Dharmapuri,635202,3,0,0
14-11-2025,Tamil Nadu,Dharmapuri,635303,1,0,0
14-11-2025,Tamil Nadu,Dharmapuri,636808,8,0,0
17-11-2025,Tamil Nadu,Dharmapuri,635111,1,0,0
17-11-2025,Tamil Nadu,Dharmapuri,635302,1,0,0
17-11-2025,Tamil Nadu,Dharmapuri,636803,4,0,0
17-11-2025,Tamil Nadu,Dharmapuri,636811,1,0,0
16-11-2025,Tamil Nadu,Dharmapuri,635301,2,2,0
16-11-2025,Tamil Nadu,Dharmapuri,635303,1,0,0
16-11-2025,Tamil Nadu,Dharmapuri,636803,1,3,0
16-11-2025,Tamil Nadu,Dharmapuri,636904,1,0,0
16-11-2025,Tamil Nadu,Dharmapuri,636905,0,1,0
16-11-2025,Tamil Nadu,Dharmapuri,636906,4,0,0
19-11-2025,Tamil Nadu,Dharmapuri,635301,4,1,0
19-11-2025,Tamil Nadu,Dharmapuri,635303,3,1,1
19-11-2025,Tamil Nadu,Dharmapuri,636352,1,1,0
19-11-2025,Tamil Nadu,Dharmapuri,636701,2,0,0
19-11-2025,Tamil Nadu,Dharmapuri,636804,2,2,0
19-11-2025,Tamil Nadu,Dharmapuri,636807,6,2,0
19-11-2025,Tamil Nadu,Dharmapuri,636810,10,7,0
19-11-2025,Tamil Nadu,Dharmapuri,636904,1,3,3
19-11-2025,Tamil Nadu,Dharmapuri,636905,5,1,0
18-11-2025,Tamil Nadu,Dharmapuri,635106,0,1,0
18-11-2025,Tamil Nadu,Dharmapuri,635202,3,2,0
18-11-2025,Tamil Nadu,Dharmapuri,635205,4,0,0
18-11-2025,Tamil Nadu,Dharmapuri,635301,3,1,0
18-11-2025,Tamil Nadu,Dharmapuri,636701,7,2,0
18-11-2025,Tamil Nadu,Dharmapuri,636806,2,1,0
18-11-2025,Tamil Nadu,Dharmapuri,636807,1,1,0
18-11-2025,Tamil Nadu,Dharmapuri,636811,6,0,0
18-11-2025,Tamil Nadu,Dharmapuri,636906,2,0,0
25-11-2025,Tamil Nadu,Dharmapuri,635301,3,0,0
25-11-2025,Tamil Nadu,Dharmapuri,636705,3,1,0
25-11-2025,Tamil Nadu,Dharmapuri,636804,4,2,0
25-11-2025,Tamil Nadu,Dharmapuri,636806,6,0,0
25-11-2025,Tamil Nadu,Dharmapuri,636809,4,1,0
25-11-2025,Tamil Nadu,Dharmapuri,636906,5,0,0
15-12-2025,Tamil Nadu,Dharmapuri,635205,19,0,0
15-12-2025,Tamil Nadu,Dharmapuri,635302,4,1,0
15-12-2025,Tamil Nadu,Dharmapuri,636701,11,0,0
15-12-2025,Tamil Nadu,Dharmapuri,636803,6,0,0
15-12-2025,Tamil Nadu,Dharmapuri,636806,11,0,0
15-12-2025,Tamil Nadu,Dharmapuri,636810,9,4,0
15-12-2025,Tamil Nadu,Dharmapuri,636812,2,0,0
15-12-2025,Tamil Nadu,Dharmapuri,636903,12,5,0
21-12-2025,Tamil Nadu,Dharmapuri,635303,2,0,0
21-12-2025,Tamil Nadu,Dharmapuri,636805,1,0,0
21-12-2025,Tamil Nadu,Dharmapuri,636806,3,0,0
21-12-2025,Tamil Nadu,Dharmapuri,636904,1,0,0
21-12-2025,Tamil Nadu,Dharmapuri,636906,1,0,0
22-12-2025,Tamil Nadu,Dharmapuri,635106,1,0,0
22-12-2025,Tamil Nadu,Dharmapuri,635126,1,0,0
22-12-2025,Tamil Nadu,Dharmapuri,635202,9,0,0
22-12-2025,Tamil Nadu,Dharmapuri,636704,6,0,0
22-12-2025,Tamil Nadu,Dharmapuri,636805,5,0,0
22-12-2025,Tamil Nadu,Dharmapuri,636809,7,0,0
22-12-2025,Tamil Nadu,Dharmapuri,636904,3,0,0
22-12-2025,Tamil Nadu,Dharmapuri,636906,3,0,0
23-12-2025,Tamil Nadu,Dharmapuri,635202,4,0,0
23-12-2025,Tamil Nadu,Dharmapuri,635301,2,0,0
23-12-2025,Tamil Nadu,Dharmapuri,635303,3,0,0
23-12-2025,Tamil Nadu,Dharmapuri,636705,1,0,0
23-12-2025,Tamil Nadu,Dharmapuri,636805,1,0,0
23-12-2025,Tamil Nadu,Dharmapuri,636811,6,0,0
23-12-2025,Tamil Nadu,Dharmapuri,636903,15,0,0
23-12-2025,Tamil Nadu,Dharmapuri,636906,2,0,0
24-12-2025,Tamil Nadu,Dharmapuri,636704,1,0,0
24-12-2025,Tamil Nadu,Dharmapuri,636903,3,1,2
24-12-2025,Tamil Nadu,Dharmapuri,636906,1,0,0
25-12-2025,Tamil Nadu,Dharmapuri,635202,5,1,0
25-12-2025,Tamil Nadu,Dharmapuri,635301,1,0,0
25-12-2025,Tamil Nadu,Dharmapuri,636701,2,0,0
25-12-2025,Tamil Nadu,Dharmapuri,636705,1,0,0
25-12-2025,Tamil Nadu,Dharmapuri,636803,2,0,0
25-12-2025,Tamil Nadu,Dharmapuri,636809,1,0,0
25-12-2025,Tamil Nadu,Dharmapuri,636810,2,1,0
26-12-2025,Tamil Nadu,Dharmapuri,636808,3,0,0
26-12-2025,Tamil Nadu,Dharmapuri,636906,1,0,0
29-12-2025,Tamil Nadu,Dharmapuri,636352,1,0,0
29-12-2025,Tamil Nadu,Dharmapuri,636704,2,0,0
29-12-2025,Tamil Nadu,Dharmapuri,636805,3,0,0
29-12-2025,Tamil Nadu,Dharmapuri,636904,2,0,0
27-12-2025,Tamil Nadu,Dharmapuri,636701,3,0,0
27-12-2025,Tamil Nadu,Dharmapuri,636803,4,0,0
27-12-2025,Tamil Nadu,Dharmapuri,636806,1,0,0
27-12-2025,Tamil Nadu,Dharmapuri,636810,11,2,0
27-12-2025,Tamil Nadu,Dharmapuri,636903,5,0,0
27-12-2025,Tamil Nadu,Dharmapuri,636904,1,0,0
28-12-2025,Tamil Nadu,Dharmapuri,635111,1,0,0
28-12-2025,Tamil Nadu,Dharmapuri,635303,3,2,0
28-12-2025,Tamil Nadu,Dharmapuri,636352,1,0,0
28-12-2025,Tamil Nadu,Dharmapuri,636701,4,0,0
28-12-2025,Tamil Nadu,Dharmapuri,636803,1,0,0
28-12-2025,Tamil Nadu,Dharmapuri,636810,9,1,0
28-12-2025,Tamil Nadu,Dharmapuri,636903,2,0,0
01-01-2026,Tamil Nadu,Dharmapuri,635305,6,4,0
01-01-2026,Tamil Nadu,Dharmapuri,636352,1,0,0
01-01-2026,Tamil Nadu,Dharmapuri,636803,5,1,0
01-01-2026,Tamil Nadu,Dharmapuri,636805,5,1,0
01-01-2026,Tamil Nadu,Dharmapuri,636806,7,0,0
01-01-2026,Tamil Nadu,Dharmapuri,636809,11,4,0
01-01-2026,Tamil Nadu,Dharmapuri,636902,3,1,0
01-01-2026,Tamil Nadu,Dharmapuri,636903,3,4,0
31-12-2025,Tamil Nadu,Dharmapuri,635303,4,0,0
31-12-2025,Tamil Nadu,Dharmapuri,636352,0,1,0
31-12-2025,Tamil Nadu,Dharmapuri,636701,5,2,0
31-12-2025,Tamil Nadu,Dharmapuri,636807,10,2,0
31-12-2025,Tamil Nadu,Dharmapuri,636812,0,2,0
31-12-2025,Tamil Nadu,Dharmapuri,636905,1,2,0
02-01-2026,Tamil Nadu,Dharmapuri,635205,3,0,0
02-01-2026,Tamil Nadu,Dharmapuri,636803,2,0,0
02-01-2026,Tamil Nadu,Dharmapuri,636806,2,0,0
02-01-2026,Tamil Nadu,Dharmapuri,636808,4,1,1
02-01-2026,Tamil Nadu,Dharmapuri,636813,3,0,0
02-01-2026,Tamil Nadu,Dharmapuri,636905,0,2,0
03-01-2026,Tamil Nadu,Dharmapuri,636807,0,1,0
09-06-2025,Tamil Nadu,Dharmapuri,635302,2,1,0
09-06-2025,Tamil Nadu,Dharmapuri,635305,2,2,0
09-06-2025,Tamil Nadu,Dharmapuri,636352,0,3,0
09-06-2025,Tamil Nadu,Dharmapuri,636705,1,3,0
09-06-2025,Tamil Nadu,Dharmapuri,636806,3,0,0
09-06-2025,Tamil Nadu,Dharmapuri,636808,10,1,0
09-06-2025,Tamil Nadu,Dharmapuri,636810,1,1,0
10-06-2025,Tamil Nadu,Dharmapuri,635111,2,2,0
10-06-2025,Tamil Nadu,Dharmapuri,636704,3,0,0
12-06-2025,Tamil Nadu,Dharmapuri,635109,2,0,0
12-06-2025,Tamil Nadu,Dharmapuri,635111,1,0,0
12-06-2025,Tamil Nadu,Dharmapuri,635202,2,2,0
12-06-2025,Tamil Nadu,Dharmapuri,635305,3,1,0
12-06-2025,Tamil Nadu,Dharmapuri,636803,1,2,0
12-06-2025,Tamil Nadu,Dharmapuri,636807,2,2,0
12-06-2025,Tamil Nadu,Dharmapuri,636809,6,1,0
12-06-2025,Tamil Nadu,Dharmapuri,636812,0,1,0
12-06-2025,Tamil Nadu,Dharmapuri,636906,2,1,0
13-06-2025,Tamil Nadu,Dharmapuri,635205,1,3,0
13-06-2025,Tamil Nadu,Dharmapuri,635303,1,0,0
13-06-2025,Tamil Nadu,Dharmapuri,636812,2,0,0
14-06-2025,Tamil Nadu,Dharmapuri,635305,2,0,0
14-06-2025,Tamil Nadu,Dharmapuri,636812,1,1,0
14-06-2025,Tamil Nadu,Dharmapuri,636903,5,2,0
14-06-2025,Tamil Nadu,Dharmapuri,636904,1,0,0
16-06-2025,Tamil Nadu,Dharmapuri,635111,2,0,0
16-06-2025,Tamil Nadu,Dharmapuri,635303,1,1,0
16-06-2025,Tamil Nadu,Dharmapuri,636352,1,1,0
16-06-2025,Tamil Nadu,Dharmapuri,636804,2,0,0
16-06-2025,Tamil Nadu,Dharmapuri,636805,1,0,0
16-06-2025,Tamil Nadu,Dharmapuri,636808,7,5,0
16-06-2025,Tamil Nadu,Dharmapuri,636809,7,1,0
18-06-2025,Tamil Nadu,Dharmapuri,636701,6,1,0
18-06-2025,Tamil Nadu,Dharmapuri,636809,7,1,0
19-06-2025,Tamil Nadu,Dharmapuri,635111,2,0,0
19-06-2025,Tamil Nadu,Dharmapuri,635301,5,1,0
19-06-2025,Tamil Nadu,Dharmapuri,635303,6,1,0
19-06-2025,Tamil Nadu,Dharmapuri,636704,9,0,0
19-06-2025,Tamil Nadu,Dharmapuri,636803,16,2,0
19-06-2025,Tamil Nadu,Dharmapuri,636813,1,1,0
19-06-2025,Tamil Nadu,Dharmapuri,636902,1,0,0
19-06-2025,Tamil Nadu,Dharmapuri,636903,3,2,0
17-06-2025,Tamil Nadu,Dharmapuri,635106,0,1,0
17-06-2025,Tamil Nadu,Dharmapuri,635301,5,1,0
17-06-2025,Tamil Nadu,Dharmapuri,635303,3,1,0
17-06-2025,Tamil Nadu,Dharmapuri,636352,0,1,0
17-06-2025,Tamil Nadu,Dharmapuri,636705,1,0,0
17-06-2025,Tamil Nadu,Dharmapuri,636804,3,1,0
17-06-2025,Tamil Nadu,Dharmapuri,636806,3,0,0
17-06-2025,Tamil Nadu,Dharmapuri,636902,0,1,0
17-06-2025,Tamil Nadu,Dharmapuri,636903,6,1,0
01-09-2025,Tamil Nadu,Dharmapuri,635111,4,1,0
01-09-2025,Tamil Nadu,Dharmapuri,635202,1,0,0
01-09-2025,Tamil Nadu,Dharmapuri,636701,3,0,0
01-09-2025,Tamil Nadu,Dharmapuri,636704,3,0,0
01-09-2025,Tamil Nadu,Dharmapuri,636808,6,0,0
03-09-2025,Tamil Nadu,Dharmapuri,635303,3,0,0
03-09-2025,Tamil Nadu,Dharmapuri,636803,3,1,0
03-09-2025,Tamil Nadu,Dharmapuri,636808,9,2,0
03-09-2025,Tamil Nadu,Dharmapuri,636811,2,2,0
03-09-2025,Tamil Nadu,Dharmapuri,636903,3,0,0
02-09-2025,Tamil Nadu,Dharmapuri,635116,1,0,0
02-09-2025,Tamil Nadu,Dharmapuri,635301,9,2,0
02-09-2025,Tamil Nadu,Dharmapuri,636803,2,0,0
02-09-2025,Tamil Nadu,Dharmapuri,636807,1,0,0
02-09-2025,Tamil Nadu,Dharmapuri,636809,7,1,0
06-09-2025,Tamil Nadu,Dharmapuri,636806,4,0,0
06-09-2025,Tamil Nadu,Dharmapuri,636813,1,0,0
06-09-2025,Tamil Nadu,Dharmapuri,636906,1,1,0
05-09-2025,Tamil Nadu,Dharmapuri,636806,2,0,0
04-09-2025,Tamil Nadu,Dharmapuri,635202,3,0,0
04-09-2025,Tamil Nadu,Dharmapuri,635302,2,0,0
04-09-2025,Tamil Nadu,Dharmapuri,636811,1,0,0
09-09-2025,Tamil Nadu,Dharmapuri,635116,1,0,0
09-09-2025,Tamil Nadu,Dharmapuri,635301,4,0,0
09-09-2025,Tamil Nadu,Dharmapuri,636807,3,0,0
09-09-2025,Tamil Nadu,Dharmapuri,636809,3,0,0
09-09-2025,Tamil Nadu,Dharmapuri,636811,2,1,0
09-09-2025,Tamil Nadu,Dharmapuri,636902,0,5,0
09-09-2025,Tamil Nadu,Dharmapuri,636906,2,0,0
08-09-2025,Tamil Nadu,Dharmapuri,635202,5,0,0
08-09-2025,Tamil Nadu,Dharmapuri,636701,4,2,0
08-09-2025,Tamil Nadu,Dharmapuri,636809,2,0,0
08-09-2025,Tamil Nadu,Dharmapuri,636810,8,1,0
08-09-2025,Tamil Nadu,Dharmapuri,636906,6,0,0
10-09-2025,Tamil Nadu,Dharmapuri,635305,1,2,0
10-09-2025,Tamil Nadu,Dharmapuri,636704,2,0,0
10-09-2025,Tamil Nadu,Dharmapuri,636809,1,0,0
10-09-2025,Tamil Nadu,Dharmapuri,636810,6,0,0
10-09-2025,Tamil Nadu,Dharmapuri,636812,1,0,0
11-09-2025,Tamil Nadu,Dharmapuri,635302,2,0,0
11-09-2025,Tamil Nadu,Dharmapuri,635303,2,0,0
11-09-2025,Tamil Nadu,Dharmapuri,636804,1,0,0
11-09-2025,Tamil Nadu,Dharmapuri,636812,4,1,0
15-09-2025,Tamil Nadu,Dharmapuri,635301,1,0,0
15-09-2025,Tamil Nadu,Dharmapuri,635305,1,1,0
15-09-2025,Tamil Nadu,Dharmapuri,636705,0,2,0
15-09-2025,Tamil Nadu,Dharmapuri,636806,5,2,0
15-09-2025,Tamil Nadu,Dharmapuri,636807,3,0,0
12-09-2025,Tamil Nadu,Dharmapuri,635205,1,3,0
12-09-2025,Tamil Nadu,Dharmapuri,635303,5,1,0
12-09-2025,Tamil Nadu,Dharmapuri,636352,3,0,0
12-09-2025,Tamil Nadu,Dharmapuri,636808,12,0,0
12-09-2025,Tamil Nadu,Dharmapuri,636904,1,0,0
12-09-2025,Tamil Nadu,Dharmapuri,636906,1,0,0
13-09-2025,Tamil Nadu,Dharmapuri,635101,1,0,0
13-09-2025,Tamil Nadu,Dharmapuri,636805,2,0,0
13-09-2025,Tamil Nadu,Dharmapuri,636905,1,0,0
13-09-2025,Tamil Nadu,Dharmapuri,636906,0,2,0
16-09-2025,Tamil Nadu,Dharmapuri,635106,0,1,0
16-09-2025,Tamil Nadu,Dharmapuri,636805,1,0,0
16-09-2025,Tamil Nadu,Dharmapuri,636809,5,0,0
16-09-2025,Tamil Nadu,Dharmapuri,636810,15,4,0
16-09-2025,Tamil Nadu,Dharmapuri,636812,1,0,0
17-09-2025,Tamil Nadu,Dharmapuri,635305,3,0,0
17-09-2025,Tamil Nadu,Dharmapuri,636704,1,0,0
17-09-2025,Tamil Nadu,Dharmapuri,636803,2,0,0
17-09-2025,Tamil Nadu,Dharmapuri,636903,2,0,0
17-09-2025,Tamil Nadu,Dharmapuri,636905,8,1,0
19-09-2025,Tamil Nadu,Dharmapuri,636704,2,0,0
19-09-2025,Tamil Nadu,Dharmapuri,636803,3,0,0
20-09-2025,Tamil Nadu,Dharmapuri,635205,4,0,0
20-09-2025,Tamil Nadu,Dharmapuri,636701,3,0,0
18-09-2025,Tamil Nadu,Dharmapuri,635301,2,0,0
18-09-2025,Tamil Nadu,Dharmapuri,635305,3,0,0
18-09-2025,Tamil Nadu,Dharmapuri,636352,1,0,0
18-09-2025,Tamil Nadu,Dharmapuri,636704,6,0,0
18-09-2025,Tamil Nadu,Dharmapuri,636813,11,1,0
23-09-2025,Tamil Nadu,Dharmapuri,635111,1,0,0
23-09-2025,Tamil Nadu,Dharmapuri,635202,17,1,0
23-09-2025,Tamil Nadu,Dharmapuri,636352,1,0,0
23-09-2025,Tamil Nadu,Dharmapuri,636701,5,0,0
23-09-2025,Tamil Nadu,Dharmapuri,636806,5,0,0
23-09-2025,Tamil Nadu,Dharmapuri,636807,4,1,0
22-09-2025,Tamil Nadu,Dharmapuri,635202,6,2,0
25-09-2025,Tamil Nadu,Dharmapuri,636810,4,1,0
24-09-2025,Tamil Nadu,Dharmapuri,636804,3,0,0
24-09-2025,Tamil Nadu,Dharmapuri,636806,1,0,0
24-09-2025,Tamil Nadu,Dharmapuri,636809,2,0,0
24-09-2025,Tamil Nadu,Dharmapuri,636905,1,0,0
27-09-2025,Tamil Nadu,Dharmapuri,635303,2,1,0
27-09-2025,Tamil Nadu,Dharmapuri,636701,1,0,0
27-09-2025,Tamil Nadu,Dharmapuri,636804,1,0,0
27-09-2025,Tamil Nadu,Dharmapuri,636809,1,0,0
27-09-2025,Tamil Nadu,Dharmapuri,636903,1,0,0
27-09-2025,Tamil Nadu,Dharmapuri,636906,1,0,0
26-09-2025,Tamil Nadu,Dharmapuri,635111,1,0,0
26-10-2025,Tamil Nadu,Dharmapuri,635202,2,1,0
26-10-2025,Tamil Nadu,Dharmapuri,635301,3,0,0
26-10-2025,Tamil Nadu,Dharmapuri,636803,1,1,0
13-10-2025,Tamil Nadu,Dharmapuri,636701,4,0,0
13-10-2025,Tamil Nadu,Dharmapuri,636807,6,0,0
13-10-2025,Tamil Nadu,Dharmapuri,636809,2,1,0
13-10-2025,Tamil Nadu,Dharmapuri,636813,2,0,0
13-10-2025,Tamil Nadu,Dharmapuri,636904,1,1,0
16-10-2025,Tamil Nadu,Dharmapuri,635106,1,0,0
15-10-2025,Tamil Nadu,Dharmapuri,635111,2,1,0
15-10-2025,Tamil Nadu,Dharmapuri,636704,2,1,0
15-10-2025,Tamil Nadu,Dharmapuri,636905,1,1,0
17-10-2025,Tamil Nadu,Dharmapuri,635202,3,0,0
17-10-2025,Tamil Nadu,Dharmapuri,636805,1,2,0
17-10-2025,Tamil Nadu,Dharmapuri,636807,11,0,0
18-10-2025,Tamil Nadu,Dharmapuri,635116,1,0,0
18-10-2025,Tamil Nadu,Dharmapuri,636806,2,0,0
18-10-2025,Tamil Nadu,Dharmapuri,636810,6,1,1
18-10-2025,Tamil Nadu,Dharmapuri,636903,3,1,0
20-10-2025,Tamil Nadu,Dharmapuri,636810,5,0,0
19-10-2025,Tamil Nadu,Dharmapuri,635302,2,0,0
19-10-2025,Tamil Nadu,Dharmapuri,635303,1,0,0
19-10-2025,Tamil Nadu,Dharmapuri,636806,3,0,0
19-10-2025,Tamil Nadu,Dharmapuri,636811,1,1,0
21-10-2025,Tamil Nadu,Dharmapuri,635301,0,1,0
21-10-2025,Tamil Nadu,Dharmapuri,636810,2,0,0
25-10-2025,Tamil Nadu,Dharmapuri,635201,1,0,0
25-10-2025,Tamil Nadu,Dharmapuri,635303,3,0,0
25-10-2025,Tamil Nadu,Dharmapuri,636704,1,2,0
25-10-2025,Tamil Nadu,Dharmapuri,636809,2,0,0
24-10-2025,Tamil Nadu,Dharmapuri,635111,1,2,0
28-10-2025,Tamil Nadu,Dharmapuri,635111,1,0,0
28-10-2025,Tamil Nadu,Dharmapuri,635301,1,0,0
27-10-2025,Tamil Nadu,Dharmapuri,635116,1,0,0
27-10-2025,Tamil Nadu,Dharmapuri,635302,3,0,0
27-10-2025,Tamil Nadu,Dharmapuri,636705,3,0,0
30-10-2025,Tamil Nadu,Dharmapuri,635111,3,0,0
30-10-2025,Tamil Nadu,Dharmapuri,635116,0,1,0
30-10-2025,Tamil Nadu,Dharmapuri,635205,5,1,0
30-10-2025,Tamil Nadu,Dharmapuri,636803,11,0,0
30-10-2025,Tamil Nadu,Dharmapuri,636804,7,0,0
30-10-2025,Tamil Nadu,Dharmapuri,636807,7,2,0
30-10-2025,Tamil Nadu,Dharmapuri,636904,1,0,0
31-10-2025,Tamil Nadu,Dharmapuri,635301,3,0,0
29-10-2025,Tamil Nadu,Dharmapuri,636807,2,0,0
29-10-2025,Tamil Nadu,Dharmapuri,636811,1,0,0
01-11-2025,Tamil Nadu,Dharmapuri,635116,1,0,0
01-11-2025,Tamil Nadu,Dharmapuri,635301,2,1,0
01-11-2025,Tamil Nadu,Dharmapuri,635303,2,2,0
01-11-2025,Tamil Nadu,Dharmapuri,635305,2,1,0
01-11-2025,Tamil Nadu,Dharmapuri,636704,3,1,0
01-11-2025,Tamil Nadu,Dharmapuri,636705,1,0,0
01-11-2025,Tamil Nadu,Dharmapuri,636804,4,0,0
01-11-2025,Tamil Nadu,Dharmapuri,636807,3,4,0
01-11-2025,Tamil Nadu,Dharmapuri,636812,1,0,0
02-11-2025,Tamil Nadu,Dharmapuri,635202,2,0,0
02-11-2025,Tamil Nadu,Dharmapuri,636705,4,0,0
02-11-2025,Tamil Nadu,Dharmapuri,636804,5,1,0
02-11-2025,Tamil Nadu,Dharmapuri,636806,8,0,0
02-11-2025,Tamil Nadu,Dharmapuri,636810,10,0,0
02-11-2025,Tamil Nadu,Dharmapuri,636906,5,2,0
12-11-2025,Tamil Nadu,Dharmapuri,635111,2,0,0
12-11-2025,Tamil Nadu,Dharmapuri,635302,2,0,0
12-11-2025,Tamil Nadu,Dharmapuri,636704,2,0,0
12-11-2025,Tamil Nadu,Dharmapuri,636807,1,0,0
12-11-2025,Tamil Nadu,Dharmapuri,636813,3,0,0
12-11-2025,Tamil Nadu,Dharmapuri,636903,2,0,0
11-11-2025,Tamil Nadu,Dharmapuri,635110,1,0,0
11-11-2025,Tamil Nadu,Dharmapuri,635202,1,0,0
11-11-2025,Tamil Nadu,Dharmapuri,636805,2,0,0
11-11-2025,Tamil Nadu,Dharmapuri,636808,10,0,0
11-11-2025,Tamil Nadu,Dharmapuri,636904,2,0,0
03-11-2025,Tamil Nadu,Dharmapuri,635116,1,0,0
03-11-2025,Tamil Nadu,Dharmapuri,635205,3,1,0
03-11-2025,Tamil Nadu,Dharmapuri,635301,5,2,0
03-11-2025,Tamil Nadu,Dharmapuri,636701,8,0,0
03-11-2025,Tamil Nadu,Dharmapuri,636705,1,0,0
03-11-2025,Tamil Nadu,Dharmapuri,636807,7,0,0
03-11-2025,Tamil Nadu,Dharmapuri,636903,6,2,0
03-11-2025,Tamil Nadu,Dharmapuri,636905,3,0,0
05-11-2025,Tamil Nadu,Dharmapuri,635301,4,0,0
05-11-2025,Tamil Nadu,Dharmapuri,635305,2,0,0
05-11-2025,Tamil Nadu,Dharmapuri,636701,3,0,0
05-11-2025,Tamil Nadu,Dharmapuri,636804,3,0,0
05-11-2025,Tamil Nadu,Dharmapuri,636806,4,0,0
05-11-2025,Tamil Nadu,Dharmapuri,636808,17,0,0
05-11-2025,Tamil Nadu,Dharmapuri,636809,6,0,0
05-11-2025,Tamil Nadu,Dharmapuri,636813,4,2,0
05-11-2025,Tamil Nadu,Dharmapuri,636902,2,1,0
05-11-2025,Tamil Nadu,Dharmapuri,636904,2,1,0
05-11-2025,Tamil Nadu,Dharmapuri,636905,1,1,0
05-11-2025,Tamil Nadu,Dharmapuri,636906,8,1,0
06-11-2025,Tamil Nadu,Dharmapuri,635303,1,1,0
08-11-2025,Tamil Nadu,Dharmapuri,635109,1,0,0
08-11-2025,Tamil Nadu,Dharmapuri,635301,3,1,0
08-11-2025,Tamil Nadu,Dharmapuri,636804,2,0,0
08-11-2025,Tamil Nadu,Dharmapuri,636906,4,0,0
07-11-2025,Tamil Nadu,Dharmapuri,635205,6,1,0
07-11-2025,Tamil Nadu,Dharmapuri,635302,1,2,0
07-11-2025,Tamil Nadu,Dharmapuri,635305,1,0,0
07-11-2025,Tamil Nadu,Dharmapuri,636704,1,0,0
07-11-2025,Tamil Nadu,Dharmapuri,636810,4,1,0
07-11-2025,Tamil Nadu,Dharmapuri,636813,3,0,0
07-11-2025,Tamil Nadu,Dharmapuri,636904,2,1,0
09-11-2025,Tamil Nadu,Dharmapuri,635205,1,0,0
10-11-2025,Tamil Nadu,Dharmapuri,635202,1,1,0
10-11-2025,Tamil Nadu,Dharmapuri,636809,3,0,0
13-11-2025,Tamil Nadu,Dharmapuri,635202,4,0,0
13-11-2025,Tamil Nadu,Dharmapuri,636906,1,0,0
14-11-2025,Tamil Nadu,Dharmapuri,636809,8,2,0
14-11-2025,Tamil Nadu,Dharmapuri,636904,1,0,0
16-11-2025,Tamil Nadu,Dharmapuri,635302,1,0,0
16-11-2025,Tamil Nadu,Dharmapuri,636704,5,0,0
16-11-2025,Tamil Nadu,Dharmapuri,636807,7,1,0
16-11-2025,Tamil Nadu,Dharmapuri,636813,1,0,0
15-11-2025,Tamil Nadu,Dharmapuri,635201,1,0,0
15-11-2025,Tamil Nadu,Dharmapuri,635205,3,0,0
15-11-2025,Tamil Nadu,Dharmapuri,636704,6,0,0
15-11-2025,Tamil Nadu,Dharmapuri,636806,3,1,0
15-11-2025,Tamil Nadu,Dharmapuri,636807,6,1,0
15-11-2025,Tamil Nadu,Dharmapuri,636809,9,1,0
15-11-2025,Tamil Nadu,Dharmapuri,636810,11,0,0
15-11-2025,Tamil Nadu,Dharmapuri,636903,4,3,0
17-11-2025,Tamil Nadu,Dharmapuri,636807,4,0,0
18-11-2025,Tamil Nadu,Dharmapuri,636705,1,0,0
18-11-2025,Tamil Nadu,Dharmapuri,636804,3,0,0
18-11-2025,Tamil Nadu,Dharmapuri,636805,1,0,0
18-11-2025,Tamil Nadu,Dharmapuri,636812,2,0,0
18-11-2025,Tamil Nadu,Dharmapuri,636903,2,3,0
25-11-2025,Tamil Nadu,Dharmapuri,635201,2,0,0
25-11-2025,Tamil Nadu,Dharmapuri,635202,3,0,0
25-11-2025,Tamil Nadu,Dharmapuri,636805,8,1,0
25-11-2025,Tamil Nadu,Dharmapuri,636813,7,1,0
19-11-2025,Tamil Nadu,Dharmapuri,635106,1,0,0
19-11-2025,Tamil Nadu,Dharmapuri,635302,6,0,1
19-11-2025,Tamil Nadu,Dharmapuri,636705,3,0,0
19-11-2025,Tamil Nadu,Dharmapuri,636803,6,0,0
19-11-2025,Tamil Nadu,Dharmapuri,636805,2,0,0
19-11-2025,Tamil Nadu,Dharmapuri,636809,6,0,0
19-11-2025,Tamil Nadu,Dharmapuri,636812,3,2,0
19-11-2025,Tamil Nadu,Dharmapuri,636813,4,1,0
19-11-2025,Tamil Nadu,Dharmapuri,636903,7,1,1
15-12-2025,Tamil Nadu,Dharmapuri,635106,1,1,0
15-12-2025,Tamil Nadu,Dharmapuri,635303,2,1,0
15-12-2025,Tamil Nadu,Dharmapuri,636352,1,0,0
15-12-2025,Tamil Nadu,Dharmapuri,636704,10,0,0
15-12-2025,Tamil Nadu,Dharmapuri,636805,7,1,0
15-12-2025,Tamil Nadu,Dharmapuri,636809,12,0,1
15-12-2025,Tamil Nadu,Dharmapuri,636905,5,1,0
21-12-2025,Tamil Nadu,Dharmapuri,636352,1,0,0
21-12-2025,Tamil Nadu,Dharmapuri,636807,1,0,0
21-12-2025,Tamil Nadu,Dharmapuri,636808,5,0,0
21-12-2025,Tamil Nadu,Dharmapuri,636905,2,0,0
23-12-2025,Tamil Nadu,Dharmapuri,635123,2,0,0
23-12-2025,Tamil Nadu,Dharmapuri,635305,4,0,0
23-12-2025,Tamil Nadu,Dharmapuri,636812,2,0,0
23-12-2025,Tamil Nadu,Dharmapuri,636905,3,0,0
22-12-2025,Tamil Nadu,Dharmapuri,635116,1,0,0
22-12-2025,Tamil Nadu,Dharmapuri,635205,7,0,0
22-12-2025,Tamil Nadu,Dharmapuri,635302,6,0,0
22-12-2025,Tamil Nadu,Dharmapuri,635303,6,0,0
22-12-2025,Tamil Nadu,Dharmapuri,636701,10,0,0
22-12-2025,Tamil Nadu,Dharmapuri,636813,6,0,0
22-12-2025,Tamil Nadu,Dharmapuri,636905,5,0,0
25-12-2025,Tamil Nadu,Dharmapuri,635201,0,1,0
25-12-2025,Tamil Nadu,Dharmapuri,636811,1,0,0
25-12-2025,Tamil Nadu,Dharmapuri,636903,1,2,0
24-12-2025,Tamil Nadu,Dharmapuri,636804,2,0,1
24-12-2025,Tamil Nadu,Dharmapuri,636813,0,0,1
28-12-2025,Tamil Nadu,Dharmapuri,636806,1,0,0
28-12-2025,Tamil Nadu,Dharmapuri,636808,2,0,0
27-12-2025,Tamil Nadu,Dharmapuri,635305,2,1,0
27-12-2025,Tamil Nadu,Dharmapuri,636705,1,1,0
27-12-2025,Tamil Nadu,Dharmapuri,636804,1,0,0
27-12-2025,Tamil Nadu,Dharmapuri,636809,9,0,0
27-12-2025,Tamil Nadu,Dharmapuri,636811,3,0,0
26-12-2025,Tamil Nadu,Dharmapuri,635116,1,0,0
26-12-2025,Tamil Nadu,Dharmapuri,635205,1,0,0
26-12-2025,Tamil Nadu,Dharmapuri,636352,1,0,0
26-12-2025,Tamil Nadu,Dharmapuri,636705,1,0,0
26-12-2025,Tamil Nadu,Dharmapuri,636809,5,0,0
26-12-2025,Tamil Nadu,Dharmapuri,636810,4,0,0
29-12-2025,Tamil Nadu,Dharmapuri,636803,5,0,0
29-12-2025,Tamil Nadu,Dharmapuri,636807,0,1,0
29-12-2025,Tamil Nadu,Dharmapuri,636906,6,0,0
31-12-2025,Tamil Nadu,Dharmapuri,635202,5,1,0
31-12-2025,Tamil Nadu,Dharmapuri,636813,2,0,0
31-12-2025,Tamil Nadu,Dharmapuri,636906,8,5,0
01-01-2026,Tamil Nadu,Dharmapuri,635111,4,1,0
01-01-2026,Tamil Nadu,Dharmapuri,635116,3,0,0
01-01-2026,Tamil Nadu,Dharmapuri,635301,6,2,0
01-01-2026,Tamil Nadu,Dharmapuri,635303,7,3,0
01-01-2026,Tamil Nadu,Dharmapuri,636810,19,3,0
01-01-2026,Tamil Nadu,Dharmapuri,636906,9,8,1
02-01-2026,Tamil Nadu,Dharmapuri,635113,0,1,0
02-01-2026,Tamil Nadu,Dharmapuri,635302,1,2,0
02-01-2026,Tamil Nadu,Dharmapuri,636701,4,2,0
02-01-2026,Tamil Nadu,Dharmapuri,636903,1,3,0
03-01-2026,Tamil Nadu,Dharmapuri,636808,0,1,0
09-06-2025,Tamil Nadu,Dharmapuri,635301,3,0,0
09-06-2025,Tamil Nadu,Dharmapuri,636807,3,1,0
09-06-2025,Tamil Nadu,Dharmapuri,636811,3,1,0
10-06-2025,Tamil Nadu,Dharmapuri,635202,4,2,0
10-06-2025,Tamil Nadu,Dharmapuri,635302,3,0,0
10-06-2025,Tamil Nadu,Dharmapuri,635303,3,1,0
10-06-2025,Tamil Nadu,Dharmapuri,636807,1,1,0
10-06-2025,Tamil Nadu,Dharmapuri,636903,6,3,0
10-06-2025,Tamil Nadu,Dharmapuri,636904,0,1,0
13-06-2025,Tamil Nadu,Dharmapuri,635001,0,1,0
13-06-2025,Tamil Nadu,Dharmapuri,635111,0,3,0
13-06-2025,Tamil Nadu,Dharmapuri,635114,0,1,0
13-06-2025,Tamil Nadu,Dharmapuri,636704,1,0,0
13-06-2025,Tamil Nadu,Dharmapuri,636806,2,0,0
13-06-2025,Tamil Nadu,Dharmapuri,636808,9,6,0
13-06-2025,Tamil Nadu,Dharmapuri,636813,1,1,0
13-06-2025,Tamil Nadu,Dharmapuri,636902,1,2,0
12-06-2025,Tamil Nadu,Dharmapuri,635107,1,0,0
12-06-2025,Tamil Nadu,Dharmapuri,636804,1,0,0
12-06-2025,Tamil Nadu,Dharmapuri,636808,10,3,0
11-06-2025,Tamil Nadu,Dharmapuri,635111,3,1,0
11-06-2025,Tamil Nadu,Dharmapuri,635202,4,1,0
11-06-2025,Tamil Nadu,Dharmapuri,635305,6,0,0
11-06-2025,Tamil Nadu,Dharmapuri,636803,3,2,0
11-06-2025,Tamil Nadu,Dharmapuri,636805,2,0,0
11-06-2025,Tamil Nadu,Dharmapuri,636810,8,2,0
16-06-2025,Tamil Nadu,Dharmapuri,635205,1,1,0
16-06-2025,Tamil Nadu,Dharmapuri,635302,2,0,0
16-06-2025,Tamil Nadu,Dharmapuri,636701,1,1,1
16-06-2025,Tamil Nadu,Dharmapuri,636704,10,0,0
16-06-2025,Tamil Nadu,Dharmapuri,636812,0,2,0
16-06-2025,Tamil Nadu,Dharmapuri,636904,1,0,0
16-06-2025,Tamil Nadu,Dharmapuri,636905,4,1,0
14-06-2025,Tamil Nadu,Dharmapuri,635202,1,1,0
14-06-2025,Tamil Nadu,Dharmapuri,635303,0,2,0
14-06-2025,Tamil Nadu,Dharmapuri,636701,6,1,0
14-06-2025,Tamil Nadu,Dharmapuri,636704,1,3,0
14-06-2025,Tamil Nadu,Dharmapuri,636809,4,3,0
14-06-2025,Tamil Nadu,Dharmapuri,636902,0,1,0
14-06-2025,Tamil Nadu,Dharmapuri,636906,1,1,0
18-06-2025,Tamil Nadu,Dharmapuri,635106,0,1,0
18-06-2025,Tamil Nadu,Dharmapuri,635202,2,1,0
18-06-2025,Tamil Nadu,Dharmapuri,636803,2,0,0
18-06-2025,Tamil Nadu,Dharmapuri,636805,1,0,0
18-06-2025,Tamil Nadu,Dharmapuri,636903,2,0,0
17-06-2025,Tamil Nadu,Dharmapuri,635111,0,2,0
17-06-2025,Tamil Nadu,Dharmapuri,636810,4,1,0
17-06-2025,Tamil Nadu,Dharmapuri,636813,4,1,0
19-06-2025,Tamil Nadu,Dharmapuri,636701,6,0,0
19-06-2025,Tamil Nadu,Dharmapuri,636812,2,0,0
01-09-2025,Tamil Nadu,Dharmapuri,635301,1,1,0
01-09-2025,Tamil Nadu,Dharmapuri,635302,2,0,0
01-09-2025,Tamil Nadu,Dharmapuri,635303,1,0,0
01-09-2025,Tamil Nadu,Dharmapuri,636810,6,1,0
01-09-2025,Tamil Nadu,Dharmapuri,636902,0,1,0
01-09-2025,Tamil Nadu,Dharmapuri,636906,4,0,0
03-09-2025,Tamil Nadu,Dharmapuri,635111,1,1,0
03-09-2025,Tamil Nadu,Dharmapuri,635201,1,0,0
03-09-2025,Tamil Nadu,Dharmapuri,635205,5,2,0
03-09-2025,Tamil Nadu,Dharmapuri,635302,1,0,0
03-09-2025,Tamil Nadu,Dharmapuri,636813,4,1,0
02-09-2025,Tamil Nadu,Dharmapuri,636805,3,0,0
02-09-2025,Tamil Nadu,Dharmapuri,636806,3,0,0
02-09-2025,Tamil Nadu,Dharmapuri,636812,1,0,0
02-09-2025,Tamil Nadu,Dharmapuri,636906,1,1,0
07-09-2025,Tamil Nadu,Dharmapuri,636811,1,0,0
06-09-2025,Tamil Nadu,Dharmapuri,636701,6,0,0
06-09-2025,Tamil Nadu,Dharmapuri,636803,2,0,0
06-09-2025,Tamil Nadu,Dharmapuri,636811,2,0,0
06-09-2025,Tamil Nadu,Dharmapuri,636903,1,0,0
04-09-2025,Tamil Nadu,Dharmapuri,635116,1,0,0
04-09-2025,Tamil Nadu,Dharmapuri,635303,1,1,0
04-09-2025,Tamil Nadu,Dharmapuri,636704,4,0,0
04-09-2025,Tamil Nadu,Dharmapuri,636803,1,1,0
04-09-2025,Tamil Nadu,Dharmapuri,636806,5,0,0
04-09-2025,Tamil Nadu,Dharmapuri,636812,2,0,0
04-09-2025,Tamil Nadu,Dharmapuri,636813,1,1,0
09-09-2025,Tamil Nadu,Dharmapuri,635111,1,0,0
09-09-2025,Tamil Nadu,Dharmapuri,635123,1,0,0
09-09-2025,Tamil Nadu,Dharmapuri,635202,4,0,0
09-09-2025,Tamil Nadu,Dharmapuri,635302,1,0,0
09-09-2025,Tamil Nadu,Dharmapuri,636704,8,1,0
08-09-2025,Tamil Nadu,Dharmapuri,635116,1,0,0
08-09-2025,Tamil Nadu,Dharmapuri,635205,2,0,0
08-09-2025,Tamil Nadu,Dharmapuri,635301,3,0,0
08-09-2025,Tamil Nadu,Dharmapuri,636803,1,0,0
08-09-2025,Tamil Nadu,Dharmapuri,636806,1,0,0
08-09-2025,Tamil Nadu,Dharmapuri,636904,1,0,0
08-09-2025,Tamil Nadu,Dharmapuri,636905,4,1,0
10-09-2025,Tamil Nadu,Dharmapuri,636701,2,0,0
10-09-2025,Tamil Nadu,Dharmapuri,636705,1,0,0
10-09-2025,Tamil Nadu,Dharmapuri,636808,10,1,0
11-09-2025,Tamil Nadu,Dharmapuri,635202,6,1,0
11-09-2025,Tamil Nadu,Dharmapuri,636352,8,3,0
11-09-2025,Tamil Nadu,Dharmapuri,636704,1,0,0
11-09-2025,Tamil Nadu,Dharmapuri,636902,2,1,0
11-09-2025,Tamil Nadu,Dharmapuri,636905,5,1,0
15-09-2025,Tamil Nadu,Dharmapuri,636352,1,0,0
15-09-2025,Tamil Nadu,Dharmapuri,636812,2,2,0
15-09-2025,Tamil Nadu,Dharmapuri,636813,5,0,0
15-09-2025,Tamil Nadu,Dharmapuri,636902,1,0,0
12-09-2025,Tamil Nadu,Dharmapuri,635202,3,1,0
12-09-2025,Tamil Nadu,Dharmapuri,635301,4,2,0
12-09-2025,Tamil Nadu,Dharmapuri,636701,1,0,0
12-09-2025,Tamil Nadu,Dharmapuri,636704,1,0,0
12-09-2025,Tamil Nadu,Dharmapuri,636809,7,0,0
12-09-2025,Tamil Nadu,Dharmapuri,636905,4,2,0
13-09-2025,Tamil Nadu,Dharmapuri,636352,1,0,0
13-09-2025,Tamil Nadu,Dharmapuri,636701,6,0,0
13-09-2025,Tamil Nadu,Dharmapuri,636807,2,1,0
13-09-2025,Tamil Nadu,Dharmapuri,636808,4,0,0
13-09-2025,Tamil Nadu,Dharmapuri,636813,3,0,0
13-09-2025,Tamil Nadu,Dharmapuri,636903,0,1,0
16-09-2025,Tamil Nadu,Dharmapuri,635109,0,1,0
16-09-2025,Tamil Nadu,Dharmapuri,636701,5,0,0
16-09-2025,Tamil Nadu,Dharmapuri,636705,3,2,0
16-09-2025,Tamil Nadu,Dharmapuri,636804,4,0,0
16-09-2025,Tamil Nadu,Dharmapuri,636807,1,0,0
16-09-2025,Tamil Nadu,Dharmapuri,636903,1,0,0
17-09-2025,Tamil Nadu,Dharmapuri,635111,0,1,0
17-09-2025,Tamil Nadu,Dharmapuri,635202,5,0,0
17-09-2025,Tamil Nadu,Dharmapuri,635301,2,0,0
17-09-2025,Tamil Nadu,Dharmapuri,636810,3,1,0
17-09-2025,Tamil Nadu,Dharmapuri,636902,2,1,0
17-09-2025,Tamil Nadu,Dharmapuri,636906,2,2,0
19-09-2025,Tamil Nadu,Dharmapuri,635111,2,0,0
19-09-2025,Tamil Nadu,Dharmapuri,635116,2,0,0
19-09-2025,Tamil Nadu,Dharmapuri,635305,4,1,0
19-09-2025,Tamil Nadu,Dharmapuri,636705,1,0,0
19-09-2025,Tamil Nadu,Dharmapuri,636804,2,0,0
19-09-2025,Tamil Nadu,Dharmapuri,636808,4,2,0
19-09-2025,Tamil Nadu,Dharmapuri,636902,3,0,0
18-09-2025,Tamil Nadu,Dharmapuri,635201,2,0,0
18-09-2025,Tamil Nadu,Dharmapuri,636810,5,1,0
20-09-2025,Tamil Nadu,Dharmapuri,635106,1,0,0
20-09-2025,Tamil Nadu,Dharmapuri,635202,1,1,0
20-09-2025,Tamil Nadu,Dharmapuri,635303,2,0,0
20-09-2025,Tamil Nadu,Dharmapuri,636807,1,0,0
20-09-2025,Tamil Nadu,Dharmapuri,636811,1,0,0
20-09-2025,Tamil Nadu,Dharmapuri,636904,1,0,0
20-09-2025,Tamil Nadu,Dharmapuri,636905,3,0,0
22-09-2025,Tamil Nadu,Dharmapuri,635201,1,0,0
22-09-2025,Tamil Nadu,Dharmapuri,635305,1,0,0
22-09-2025,Tamil Nadu,Dharmapuri,636803,3,0,0
22-09-2025,Tamil Nadu,Dharmapuri,636809,6,0,0
22-09-2025,Tamil Nadu,Dharmapuri,636902,3,0,0
22-09-2025,Tamil Nadu,Dharmapuri,636903,4,2,0
22-09-2025,Tamil Nadu,Dharmapuri,636905,3,0,0
23-09-2025,Tamil Nadu,Dharmapuri,635305,1,0,0
23-09-2025,Tamil Nadu,Dharmapuri,636704,1,0,0
23-09-2025,Tamil Nadu,Dharmapuri,636810,3,2,0
23-09-2025,Tamil Nadu,Dharmapuri,636903,5,2,0
24-09-2025,Tamil Nadu,Dharmapuri,635205,2,0,0
24-09-2025,Tamil Nadu,Dharmapuri,635301,1,0,0
24-09-2025,Tamil Nadu,Dharmapuri,635303,1,1,0
24-09-2025,Tamil Nadu,Dharmapuri,636704,3,0,0
24-09-2025,Tamil Nadu,Dharmapuri,636803,1,0,0
24-09-2025,Tamil Nadu,Dharmapuri,636904,1,0,0
25-09-2025,Tamil Nadu,Dharmapuri,635111,2,1,0
25-09-2025,Tamil Nadu,Dharmapuri,635202,2,0,0
25-09-2025,Tamil Nadu,Dharmapuri,635301,1,0,0
25-09-2025,Tamil Nadu,Dharmapuri,636701,4,0,0
25-09-2025,Tamil Nadu,Dharmapuri,636806,1,0,0
29-09-2025,Tamil Nadu,Dharmapuri,636805,1,0,0
26-09-2025,Tamil Nadu,Dharmapuri,635202,3,0,0
26-09-2025,Tamil Nadu,Dharmapuri,635301,3,0,0
26-09-2025,Tamil Nadu,Dharmapuri,636805,2,0,0
26-09-2025,Tamil Nadu,Dharmapuri,636808,6,1,0
26-09-2025,Tamil Nadu,Dharmapuri,636809,4,0,0
26-09-2025,Tamil Nadu,Dharmapuri,636903,1,1,0
27-09-2025,Tamil Nadu,Dharmapuri,635301,1,0,0
27-09-2025,Tamil Nadu,Dharmapuri,636810,2,0,0
27-09-2025,Tamil Nadu,Dharmapuri,636905,1,1,0
26-10-2025,Tamil Nadu,Dharmapuri,636807,2,1,0
26-10-2025,Tamil Nadu,Dharmapuri,636809,1,0,0
26-10-2025,Tamil Nadu,Dharmapuri,636811,3,1,0
26-10-2025,Tamil Nadu,Dharmapuri,636903,2,0,0
13-10-2025,Tamil Nadu,Dharmapuri,635111,3,0,1
13-10-2025,Tamil Nadu,Dharmapuri,635205,7,0,0
13-10-2025,Tamil Nadu,Dharmapuri,635301,3,1,0
13-10-2025,Tamil Nadu,Dharmapuri,635305,3,0,0
13-10-2025,Tamil Nadu,Dharmapuri,636808,2,1,0
15-10-2025,Tamil Nadu,Dharmapuri,635202,2,0,0
15-10-2025,Tamil Nadu,Dharmapuri,636705,3,0,0
15-10-2025,Tamil Nadu,Dharmapuri,636812,2,0,0
15-10-2025,Tamil Nadu,Dharmapuri,636903,6,1,0
15-10-2025,Tamil Nadu,Dharmapuri,636906,1,1,0
16-10-2025,Tamil Nadu,Dharmapuri,636811,1,0,0
17-10-2025,Tamil Nadu,Dharmapuri,636701,5,0,0
17-10-2025,Tamil Nadu,Dharmapuri,636810,21,0,0
17-10-2025,Tamil Nadu,Dharmapuri,636905,3,1,0
18-10-2025,Tamil Nadu,Dharmapuri,636805,1,0,0
18-10-2025,Tamil Nadu,Dharmapuri,636808,6,1,0
18-10-2025,Tamil Nadu,Dharmapuri,636809,1,0,0
20-10-2025,Tamil Nadu,Dharmapuri,635123,1,0,0
19-10-2025,Tamil Nadu,Dharmapuri,635202,1,0,0
19-10-2025,Tamil Nadu,Dharmapuri,635205,1,0,0
19-10-2025,Tamil Nadu,Dharmapuri,636813,2,0,0
24-10-2025,Tamil Nadu,Dharmapuri,635303,1,0,0
24-10-2025,Tamil Nadu,Dharmapuri,636806,3,0,0
24-10-2025,Tamil Nadu,Dharmapuri,636812,1,0,0
24-10-2025,Tamil Nadu,Dharmapuri,636905,1,0,1
24-10-2025,Tamil Nadu,Dharmapuri,636906,1,0,0
28-10-2025,Tamil Nadu,Dharmapuri,635205,3,1,0
28-10-2025,Tamil Nadu,Dharmapuri,635302,1,0,0
28-10-2025,Tamil Nadu,Dharmapuri,635303,2,0,0
28-10-2025,Tamil Nadu,Dharmapuri,635305,2,2,0
28-10-2025,Tamil Nadu,Dharmapuri,636808,21,3,0
28-10-2025,Tamil Nadu,Dharmapuri,636903,6,2,0
27-10-2025,Tamil Nadu,Dharmapuri,635111,1,0,0
27-10-2025,Tamil Nadu,Dharmapuri,636803,1,0,0
27-10-2025,Tamil Nadu,Dharmapuri,636805,2,0,0
27-10-2025,Tamil Nadu,Dharmapuri,636810,5,0,0
25-10-2025,Tamil Nadu,Dharmapuri,636808,4,1,0
25-10-2025,Tamil Nadu,Dharmapuri,636810,6,3,0
25-10-2025,Tamil Nadu,Dharmapuri,636812,1,1,0
25-10-2025,Tamil Nadu,Dharmapuri,636903,1,1,0
30-10-2025,Tamil Nadu,Dharmapuri,636806,8,1,0
30-10-2025,Tamil Nadu,Dharmapuri,636813,2,0,0
29-10-2025,Tamil Nadu,Dharmapuri,635302,1,0,0
29-10-2025,Tamil Nadu,Dharmapuri,636701,1,0,0
29-10-2025,Tamil Nadu,Dharmapuri,636810,3,0,0
29-10-2025,Tamil Nadu,Dharmapuri,636905,2,0,0
29-10-2025,Tamil Nadu,Dharmapuri,636906,1,0,0
01-11-2025,Tamil Nadu,Dharmapuri,635112,0,1,0
01-11-2025,Tamil Nadu,Dharmapuri,635202,5,0,0
01-11-2025,Tamil Nadu,Dharmapuri,636806,5,0,0
01-11-2025,Tamil Nadu,Dharmapuri,636811,2,1,0
01-11-2025,Tamil Nadu,Dharmapuri,636904,0,1,0
02-11-2025,Tamil Nadu,Dharmapuri,635111,3,0,0
02-11-2025,Tamil Nadu,Dharmapuri,635305,7,3,0
02-11-2025,Tamil Nadu,Dharmapuri,636701,7,1,0
02-11-2025,Tamil Nadu,Dharmapuri,636704,11,1,0
02-11-2025,Tamil Nadu,Dharmapuri,636805,3,0,0
02-11-2025,Tamil Nadu,Dharmapuri,636903,8,5,0
02-11-2025,Tamil Nadu,Dharmapuri,636905,2,3,0
31-10-2025,Tamil Nadu,Dharmapuri,636807,6,2,0
31-10-2025,Tamil Nadu,Dharmapuri,636809,10,0,0
31-10-2025,Tamil Nadu,Dharmapuri,636810,12,4,0
31-10-2025,Tamil Nadu,Dharmapuri,636902,0,1,0
31-10-2025,Tamil Nadu,Dharmapuri,636906,6,1,0
12-11-2025,Tamil Nadu,Dharmapuri,635301,1,0,0
12-11-2025,Tamil Nadu,Dharmapuri,636352,1,0,0
12-11-2025,Tamil Nadu,Dharmapuri,636806,3,0,0
11-11-2025,Tamil Nadu,Dharmapuri,635205,0,1,0
11-11-2025,Tamil Nadu,Dharmapuri,636352,0,1,0
11-11-2025,Tamil Nadu,Dharmapuri,636803,2,0,0
03-11-2025,Tamil Nadu,Dharmapuri,636803,1,0,0
03-11-2025,Tamil Nadu,Dharmapuri,636805,3,1,0
03-11-2025,Tamil Nadu,Dharmapuri,636812,1,0,0
05-11-2025,Tamil Nadu,Dharmapuri,635205,3,0,0
05-11-2025,Tamil Nadu,Dharmapuri,635302,2,0,0
05-11-2025,Tamil Nadu,Dharmapuri,636352,2,0,0
05-11-2025,Tamil Nadu,Dharmapuri,636803,3,2,0
05-11-2025,Tamil Nadu,Dharmapuri,636805,3,1,0
05-11-2025,Tamil Nadu,Dharmapuri,636810,5,4,0
08-11-2025,Tamil Nadu,Dharmapuri,635302,1,1,0
08-11-2025,Tamil Nadu,Dharmapuri,635303,1,0,0
08-11-2025,Tamil Nadu,Dharmapuri,635305,4,1,0
08-11-2025,Tamil Nadu,Dharmapuri,636701,4,0,0
08-11-2025,Tamil Nadu,Dharmapuri,636809,5,1,0
08-11-2025,Tamil Nadu,Dharmapuri,636810,4,0,0
08-11-2025,Tamil Nadu,Dharmapuri,636812,1,1,0
06-11-2025,Tamil Nadu,Dharmapuri,635111,2,0,0
06-11-2025,Tamil Nadu,Dharmapuri,635201,1,0,0
06-11-2025,Tamil Nadu,Dharmapuri,635205,3,0,0
06-11-2025,Tamil Nadu,Dharmapuri,635302,1,1,0
06-11-2025,Tamil Nadu,Dharmapuri,636806,2,0,0
06-11-2025,Tamil Nadu,Dharmapuri,636808,5,1,0
06-11-2025,Tamil Nadu,Dharmapuri,636809,10,1,0
06-11-2025,Tamil Nadu,Dharmapuri,636813,1,1,0
07-11-2025,Tamil Nadu,Dharmapuri,636701,3,0,0
07-11-2025,Tamil Nadu,Dharmapuri,636803,6,1,0
07-11-2025,Tamil Nadu,Dharmapuri,636809,8,2,0
10-11-2025,Tamil Nadu,Dharmapuri,635301,2,1,0
10-11-2025,Tamil Nadu,Dharmapuri,635303,2,1,0
10-11-2025,Tamil Nadu,Dharmapuri,636701,2,1,0
10-11-2025,Tamil Nadu,Dharmapuri,636704,5,1,0
10-11-2025,Tamil Nadu,Dharmapuri,636803,2,0,0
10-11-2025,Tamil Nadu,Dharmapuri,636804,2,0,0
10-11-2025,Tamil Nadu,Dharmapuri,636807,1,0,0
10-11-2025,Tamil Nadu,Dharmapuri,636811,1,1,0
10-11-2025,Tamil Nadu,Dharmapuri,636813,3,0,0
10-11-2025,Tamil Nadu,Dharmapuri,636902,3,1,0
10-11-2025,Tamil Nadu,Dharmapuri,636904,0,1,0
09-11-2025,Tamil Nadu,Dharmapuri,635303,1,2,0
09-11-2025,Tamil Nadu,Dharmapuri,636805,1,0,0
13-11-2025,Tamil Nadu,Dharmapuri,635205,3,0,0
13-11-2025,Tamil Nadu,Dharmapuri,635301,2,0,0
13-11-2025,Tamil Nadu,Dharmapuri,635303,2,0,0
13-11-2025,Tamil Nadu,Dharmapuri,636701,3,0,0
13-11-2025,Tamil Nadu,Dharmapuri,636803,1,1,0
13-11-2025,Tamil Nadu,Dharmapuri,636806,1,0,0
13-11-2025,Tamil Nadu,Dharmapuri,636808,6,0,0
14-11-2025,Tamil Nadu,Dharmapuri,635301,3,0,0
14-11-2025,Tamil Nadu,Dharmapuri,636352,2,0,0
14-11-2025,Tamil Nadu,Dharmapuri,636806,3,0,0
14-11-2025,Tamil Nadu,Dharmapuri,636906,2,1,0
16-11-2025,Tamil Nadu,Dharmapuri,635201,1,0,0
16-11-2025,Tamil Nadu,Dharmapuri,635202,9,0,0
16-11-2025,Tamil Nadu,Dharmapuri,635205,4,0,0
16-11-2025,Tamil Nadu,Dharmapuri,636805,2,1,0
16-11-2025,Tamil Nadu,Dharmapuri,636809,9,0,0
15-11-2025,Tamil Nadu,Dharmapuri,635302,1,2,0
15-11-2025,Tamil Nadu,Dharmapuri,635303,1,1,0
15-11-2025,Tamil Nadu,Dharmapuri,636803,5,0,0
15-11-2025,Tamil Nadu,Dharmapuri,636804,1,2,0
15-11-2025,Tamil Nadu,Dharmapuri,636805,3,0,0
15-11-2025,Tamil Nadu,Dharmapuri,636813,2,0,0
15-11-2025,Tamil Nadu,Dharmapuri,636902,1,1,0
15-11-2025,Tamil Nadu,Dharmapuri,636906,6,1,0
17-11-2025,Tamil Nadu,Dharmapuri,635205,4,0,0
17-11-2025,Tamil Nadu,Dharmapuri,636810,3,1,0
18-11-2025,Tamil Nadu,Dharmapuri,635109,1,0,0
18-11-2025,Tamil Nadu,Dharmapuri,636803,4,0,0
18-11-2025,Tamil Nadu,Dharmapuri,636809,4,0,0
18-11-2025,Tamil Nadu,Dharmapuri,636813,6,2,0
19-11-2025,Tamil Nadu,Dharmapuri,635111,1,0,0
19-11-2025,Tamil Nadu,Dharmapuri,635205,2,2,0
19-11-2025,Tamil Nadu,Dharmapuri,636704,3,1,0
19-11-2025,Tamil Nadu,Dharmapuri,636902,1,0,0
25-11-2025,Tamil Nadu,Dharmapuri,635305,5,1,0
25-11-2025,Tamil Nadu,Dharmapuri,636701,8,1,0
25-11-2025,Tamil Nadu,Dharmapuri,636905,2,0,0
15-12-2025,Tamil Nadu,Dharmapuri,635109,1,0,0
15-12-2025,Tamil Nadu,Dharmapuri,635202,8,1,0
15-12-2025,Tamil Nadu,Dharmapuri,635301,3,2,0
15-12-2025,Tamil Nadu,Dharmapuri,636807,7,2,0
15-12-2025,Tamil Nadu,Dharmapuri,636808,21,2,0
15-12-2025,Tamil Nadu,Dharmapuri,636811,5,1,1
15-12-2025,Tamil Nadu,Dharmapuri,636813,9,0,0
21-12-2025,Tamil Nadu,Dharmapuri,636701,2,0,0
24-12-2025,Tamil Nadu,Dharmapuri,635111,1,1,0
24-12-2025,Tamil Nadu,Dharmapuri,636701,3,0,0
24-12-2025,Tamil Nadu,Dharmapuri,636803,0,1,0
24-12-2025,Tamil Nadu,Dharmapuri,636807,1,0,1
24-12-2025,Tamil Nadu,Dharmapuri,636811,0,0,1
24-12-2025,Tamil Nadu,Dharmapuri,636812,1,1,0
24-12-2025,Tamil Nadu,Dharmapuri,636902,1,1,0
22-12-2025,Tamil Nadu,Dharmapuri,635111,1,0,0
22-12-2025,Tamil Nadu,Dharmapuri,635301,2,0,0
22-12-2025,Tamil Nadu,Dharmapuri,635305,6,0,0
22-12-2025,Tamil Nadu,Dharmapuri,636806,5,0,0
22-12-2025,Tamil Nadu,Dharmapuri,636808,22,0,0
22-12-2025,Tamil Nadu,Dharmapuri,636812,1,0,0
23-12-2025,Tamil Nadu,Dharmapuri,635111,3,0,0
23-12-2025,Tamil Nadu,Dharmapuri,635116,2,0,0
23-12-2025,Tamil Nadu,Dharmapuri,636352,1,0,0
23-12-2025,Tamil Nadu,Dharmapuri,636701,6,0,0
23-12-2025,Tamil Nadu,Dharmapuri,636808,10,0,0
23-12-2025,Tamil Nadu,Dharmapuri,636902,2,0,0
25-12-2025,Tamil Nadu,Dharmapuri,635111,0,1,0
25-12-2025,Tamil Nadu,Dharmapuri,635302,1,4,0
25-12-2025,Tamil Nadu,Dharmapuri,636808,3,0,0
25-12-2025,Tamil Nadu,Dharmapuri,636902,1,0,0
26-12-2025,Tamil Nadu,Dharmapuri,635201,1,0,0
26-12-2025,Tamil Nadu,Dharmapuri,635301,2,0,0
26-12-2025,Tamil Nadu,Dharmapuri,635303,1,0,0
26-12-2025,Tamil Nadu,Dharmapuri,635305,1,4,0
26-12-2025,Tamil Nadu,Dharmapuri,636803,2,0,0
26-12-2025,Tamil Nadu,Dharmapuri,636805,1,0,0
27-12-2025,Tamil Nadu,Dharmapuri,635111,2,1,0
27-12-2025,Tamil Nadu,Dharmapuri,635202,7,0,0
27-12-2025,Tamil Nadu,Dharmapuri,635302,2,3,0
27-12-2025,Tamil Nadu,Dharmapuri,636807,1,1,0
27-12-2025,Tamil Nadu,Dharmapuri,636808,3,0,0
27-12-2025,Tamil Nadu,Dharmapuri,636813,8,0,0
27-12-2025,Tamil Nadu,Dharmapuri,636906,5,5,0
28-12-2025,Tamil Nadu,Dharmapuri,635301,1,0,0
28-12-2025,Tamil Nadu,Dharmapuri,635302,1,0,0
28-12-2025,Tamil Nadu,Dharmapuri,635305,2,1,0
28-12-2025,Tamil Nadu,Dharmapuri,636807,2,0,0
29-12-2025,Tamil Nadu,Dharmapuri,636701,1,0,0
29-12-2025,Tamil Nadu,Dharmapuri,636804,0,1,0
29-12-2025,Tamil Nadu,Dharmapuri,636811,0,1,0
29-12-2025,Tamil Nadu,Dharmapuri,636813,5,0,0
31-12-2025,Tamil Nadu,Dharmapuri,635116,1,0,0
31-12-2025,Tamil Nadu,Dharmapuri,635123,2,0,0
31-12-2025,Tamil Nadu,Dharmapuri,636803,1,1,0
31-12-2025,Tamil Nadu,Dharmapuri,636806,2,2,0
31-12-2025,Tamil Nadu,Dharmapuri,636811,1,0,0
31-12-2025,Tamil Nadu,Dharmapuri,636902,0,1,4
01-01-2026,Tamil Nadu,Dharmapuri,635201,2,0,0
01-01-2026,Tamil Nadu,Dharmapuri,635302,2,1,0
01-01-2026,Tamil Nadu,Dharmapuri,636704,6,0,0
01-01-2026,Tamil Nadu,Dharmapuri,636807,6,1,0
01-01-2026,Tamil Nadu,Dharmapuri,636808,18,5,0
01-01-2026,Tamil Nadu,Dharmapuri,636811,5,1,0
01-01-2026,Tamil Nadu,Dharmapuri,636905,2,2,0
02-01-2026,Tamil Nadu,Dharmapuri,635201,3,0,0
02-01-2026,Tamil Nadu,Dharmapuri,635202,0,3,0
02-01-2026,Tamil Nadu,Dharmapuri,635303,3,1,0
02-01-2026,Tamil Nadu,Dharmapuri,635305,7,2,1
02-01-2026,Tamil Nadu,Dharmapuri,636704,1,2,0
02-01-2026,Tamil Nadu,Dharmapuri,636805,0,1,0
02-01-2026,Tamil Nadu,Dharmapuri,636810,8,5,0
02-01-2026,Tamil Nadu,Dharmapuri,636902,0,1,0
02-01-2026,Tamil Nadu,Dharmapuri,636906,6,2,0
03-01-2026,Tamil Nadu,Dharmapuri,636805,0,1,0
03-01-2026,Tamil Nadu,Dharmapuri,636903,0,1,0
03-01-2026,Tamil Nadu,Dharmapuri,636906,0,2,0
11-06-2025,Tamil Nadu,Dharmapuri,635205,3,1,0
11-06-2025,Tamil Nadu,Dharmapuri,635302,4,1,0
11-06-2025,Tamil Nadu,Dharmapuri,636806,6,1,0
11-06-2025,Tamil Nadu,Dharmapuri,636807,4,1,0
11-06-2025,Tamil Nadu,Dharmapuri,636808,8,5,0
11-06-2025,Tamil Nadu,Dharmapuri,636903,4,2,0
10-06-2025,Tamil Nadu,Dharmapuri,636705,1,0,0
10-06-2025,Tamil Nadu,Dharmapuri,636811,0,2,0
09-06-2025,Tamil Nadu,Dharmapuri,635106,0,1,0
09-06-2025,Tamil Nadu,Dharmapuri,635109,1,0,0
09-06-2025,Tamil Nadu,Dharmapuri,635111,2,2,0
09-06-2025,Tamil Nadu,Dharmapuri,636804,1,1,0
09-06-2025,Tamil Nadu,Dharmapuri,636805,1,0,0
09-06-2025,Tamil Nadu,Dharmapuri,636809,7,4,0
09-06-2025,Tamil Nadu,Dharmapuri,636812,3,1,0
09-06-2025,Tamil Nadu,Dharmapuri,636813,10,1,0
09-06-2025,Tamil Nadu,Dharmapuri,636902,4,3,0
09-06-2025,Tamil Nadu,Dharmapuri,636903,7,2,0
12-06-2025,Tamil Nadu,Dharmapuri,635201,1,0,0
12-06-2025,Tamil Nadu,Dharmapuri,635205,2,1,0
12-06-2025,Tamil Nadu,Dharmapuri,635301,1,0,0
12-06-2025,Tamil Nadu,Dharmapuri,636701,0,2,0
12-06-2025,Tamil Nadu,Dharmapuri,636903,7,0,0
12-06-2025,Tamil Nadu,Dharmapuri,636905,0,1,0
13-06-2025,Tamil Nadu,Dharmapuri,635116,0,1,0
13-06-2025,Tamil Nadu,Dharmapuri,635301,1,1,0
13-06-2025,Tamil Nadu,Dharmapuri,635302,1,0,0
13-06-2025,Tamil Nadu,Dharmapuri,636903,6,1,0
13-06-2025,Tamil Nadu,Dharmapuri,636904,4,1,0
13-06-2025,Tamil Nadu,Dharmapuri,636906,2,0,0
14-06-2025,Tamil Nadu,Dharmapuri,635301,1,1,0
14-06-2025,Tamil Nadu,Dharmapuri,635302,2,1,0
14-06-2025,Tamil Nadu,Dharmapuri,636705,4,2,0
14-06-2025,Tamil Nadu,Dharmapuri,636806,2,1,0
16-06-2025,Tamil Nadu,Dharmapuri,635104,1,0,0
16-06-2025,Tamil Nadu,Dharmapuri,635301,5,1,0
16-06-2025,Tamil Nadu,Dharmapuri,635305,4,2,0
16-06-2025,Tamil Nadu,Dharmapuri,636705,1,1,0
16-06-2025,Tamil Nadu,Dharmapuri,636811,2,0,0
18-06-2025,Tamil Nadu,Dharmapuri,636704,4,0,0
18-06-2025,Tamil Nadu,Dharmapuri,636811,1,1,0
18-06-2025,Tamil Nadu,Dharmapuri,636813,5,2,0
19-06-2025,Tamil Nadu,Dharmapuri,636804,0,1,0
19-06-2025,Tamil Nadu,Dharmapuri,636807,3,1,0
19-06-2025,Tamil Nadu,Dharmapuri,636810,0,1,0
19-06-2025,Tamil Nadu,Dharmapuri,636905,4,1,0
17-06-2025,Tamil Nadu,Dharmapuri,635202,7,1,0
17-06-2025,Tamil Nadu,Dharmapuri,635205,6,2,0
17-06-2025,Tamil Nadu,Dharmapuri,635305,1,1,0
17-06-2025,Tamil Nadu,Dharmapuri,636701,10,0,0
17-06-2025,Tamil Nadu,Dharmapuri,636803,7,1,0
17-06-2025,Tamil Nadu,Dharmapuri,636807,3,6,0
17-06-2025,Tamil Nadu,Dharmapuri,636809,5,1,0
17-06-2025,Tamil Nadu,Dharmapuri,636904,5,1,0
01-09-2025,Tamil Nadu,Dharmapuri,635116,2,0,0
01-09-2025,Tamil Nadu,Dharmapuri,636352,0,1,0
01-09-2025,Tamil Nadu,Dharmapuri,636803,4,0,0
01-09-2025,Tamil Nadu,Dharmapuri,636807,11,1,0
01-09-2025,Tamil Nadu,Dharmapuri,636904,2,1,0
01-09-2025,Tamil Nadu,Dharmapuri,636905,3,1,0
02-09-2025,Tamil Nadu,Dharmapuri,635111,6,0,0
02-09-2025,Tamil Nadu,Dharmapuri,635205,1,0,0
02-09-2025,Tamil Nadu,Dharmapuri,635303,1,0,0
02-09-2025,Tamil Nadu,Dharmapuri,636352,0,1,0
02-09-2025,Tamil Nadu,Dharmapuri,636705,1,0,0
02-09-2025,Tamil Nadu,Dharmapuri,636810,11,1,0
03-09-2025,Tamil Nadu,Dharmapuri,635202,2,1,0
03-09-2025,Tamil Nadu,Dharmapuri,635305,0,1,0
03-09-2025,Tamil Nadu,Dharmapuri,636704,1,0,0
03-09-2025,Tamil Nadu,Dharmapuri,636806,1,0,0
03-09-2025,Tamil Nadu,Dharmapuri,636807,4,1,0
03-09-2025,Tamil Nadu,Dharmapuri,636810,9,3,0
07-09-2025,Tamil Nadu,Dharmapuri,636807,0,1,0
07-09-2025,Tamil Nadu,Dharmapuri,636906,1,0,0
06-09-2025,Tamil Nadu,Dharmapuri,635111,1,0,0
06-09-2025,Tamil Nadu,Dharmapuri,635301,1,0,0
04-09-2025,Tamil Nadu,Dharmapuri,635305,0,1,0
04-09-2025,Tamil Nadu,Dharmapuri,636701,2,0,0
04-09-2025,Tamil Nadu,Dharmapuri,636804,2,0,0
04-09-2025,Tamil Nadu,Dharmapuri,636805,1,0,0
04-09-2025,Tamil Nadu,Dharmapuri,636808,6,2,0
04-09-2025,Tamil Nadu,Dharmapuri,636904,1,0,0
08-09-2025,Tamil Nadu,Dharmapuri,635201,1,0,0
08-09-2025,Tamil Nadu,Dharmapuri,636811,6,1,0
08-09-2025,Tamil Nadu,Dharmapuri,636903,1,1,0
09-09-2025,Tamil Nadu,Dharmapuri,636352,1,0,0
09-09-2025,Tamil Nadu,Dharmapuri,636701,2,0,0
11-09-2025,Tamil Nadu,Dharmapuri,635111,4,1,0
11-09-2025,Tamil Nadu,Dharmapuri,635205,8,1,0
11-09-2025,Tamil Nadu,Dharmapuri,635301,4,2,0
11-09-2025,Tamil Nadu,Dharmapuri,635305,3,0,0
11-09-2025,Tamil Nadu,Dharmapuri,636705,2,0,0
11-09-2025,Tamil Nadu,Dharmapuri,636808,9,0,0
11-09-2025,Tamil Nadu,Dharmapuri,636809,5,0,0
11-09-2025,Tamil Nadu,Dharmapuri,636810,13,1,0
11-09-2025,Tamil Nadu,Dharmapuri,636813,0,1,0
10-09-2025,Tamil Nadu,Dharmapuri,635111,2,0,0
10-09-2025,Tamil Nadu,Dharmapuri,635202,8,3,0
10-09-2025,Tamil Nadu,Dharmapuri,636807,2,4,0
10-09-2025,Tamil Nadu,Dharmapuri,636813,1,1,0
14-09-2025,Tamil Nadu,Dharmapuri,635202,1,0,0
12-09-2025,Tamil Nadu,Dharmapuri,635111,1,0,0
12-09-2025,Tamil Nadu,Dharmapuri,636705,1,0,0
12-09-2025,Tamil Nadu,Dharmapuri,636803,2,3,0
12-09-2025,Tamil Nadu,Dharmapuri,636811,1,0,0
12-09-2025,Tamil Nadu,Dharmapuri,636812,4,0,0
12-09-2025,Tamil Nadu,Dharmapuri,636902,3,2,0
15-09-2025,Tamil Nadu,Dharmapuri,636704,1,0,0
15-09-2025,Tamil Nadu,Dharmapuri,636810,10,0,0
15-09-2025,Tamil Nadu,Dharmapuri,636903,5,0,0
15-09-2025,Tamil Nadu,Dharmapuri,636905,1,0,0
15-09-2025,Tamil Nadu,Dharmapuri,636906,3,1,0
13-09-2025,Tamil Nadu,Dharmapuri,635104,1,0,0
13-09-2025,Tamil Nadu,Dharmapuri,635302,2,0,0
13-09-2025,Tamil Nadu,Dharmapuri,635303,0,1,0
13-09-2025,Tamil Nadu,Dharmapuri,636704,5,0,0
16-09-2025,Tamil Nadu,Dharmapuri,635205,2,0,0
16-09-2025,Tamil Nadu,Dharmapuri,635301,1,1,0
16-09-2025,Tamil Nadu,Dharmapuri,635303,4,1,0
16-09-2025,Tamil Nadu,Dharmapuri,635305,1,0,0
16-09-2025,Tamil Nadu,Dharmapuri,636811,1,0,0
17-09-2025,Tamil Nadu,Dharmapuri,635303,2,0,0
17-09-2025,Tamil Nadu,Dharmapuri,636701,3,1,0
17-09-2025,Tamil Nadu,Dharmapuri,636805,2,0,0
17-09-2025,Tamil Nadu,Dharmapuri,636806,1,1,0
20-09-2025,Tamil Nadu,Dharmapuri,635116,2,0,0
20-09-2025,Tamil Nadu,Dharmapuri,635123,0,1,0
20-09-2025,Tamil Nadu,Dharmapuri,636704,3,0,0
20-09-2025,Tamil Nadu,Dharmapuri,636809,3,0,0
20-09-2025,Tamil Nadu,Dharmapuri,636810,4,0,0
18-09-2025,Tamil Nadu,Dharmapuri,635205,2,0,0
18-09-2025,Tamil Nadu,Dharmapuri,636805,1,0,0
18-09-2025,Tamil Nadu,Dharmapuri,636808,6,1,0
18-09-2025,Tamil Nadu,Dharmapuri,636902,1,1,0
18-09-2025,Tamil Nadu,Dharmapuri,636903,3,0,0
19-09-2025,Tamil Nadu,Dharmapuri,635201,0,1,0
19-09-2025,Tamil Nadu,Dharmapuri,635205,1,0,0
19-09-2025,Tamil Nadu,Dharmapuri,636811,2,0,0
19-09-2025,Tamil Nadu,Dharmapuri,636903,1,1,0
23-09-2025,Tamil Nadu,Dharmapuri,636804,3,0,0
23-09-2025,Tamil Nadu,Dharmapuri,636812,1,0,0
23-09-2025,Tamil Nadu,Dharmapuri,636813,1,0,0
22-09-2025,Tamil Nadu,Dharmapuri,635123,1,0,0
22-09-2025,Tamil Nadu,Dharmapuri,635205,3,0,0
22-09-2025,Tamil Nadu,Dharmapuri,636810,1,1,0
22-09-2025,Tamil Nadu,Dharmapuri,636813,5,1,0
25-09-2025,Tamil Nadu,Dharmapuri,635106,0,1,0
25-09-2025,Tamil Nadu,Dharmapuri,635116,0,1,0
25-09-2025,Tamil Nadu,Dharmapuri,635302,2,0,0
25-09-2025,Tamil Nadu,Dharmapuri,635303,3,0,0
25-09-2025,Tamil Nadu,Dharmapuri,636807,1,0,0
25-09-2025,Tamil Nadu,Dharmapuri,636809,7,0,0
26-09-2025,Tamil Nadu,Dharmapuri,635201,3,0,0
26-09-2025,Tamil Nadu,Dharmapuri,636811,3,2,0
26-09-2025,Tamil Nadu,Dharmapuri,636813,3,0,0
24-09-2025,Tamil Nadu,Dharmapuri,636352,1,0,0
24-09-2025,Tamil Nadu,Dharmapuri,636701,2,0,0
24-09-2025,Tamil Nadu,Dharmapuri,636705,0,1,0
24-09-2025,Tamil Nadu,Dharmapuri,636808,6,0,0
24-09-2025,Tamil Nadu,Dharmapuri,636810,9,0,0
29-09-2025,Tamil Nadu,Dharmapuri,635205,0,1,0
29-09-2025,Tamil Nadu,Dharmapuri,635303,0,1,0
29-09-2025,Tamil Nadu,Dharmapuri,636808,1,0,0
30-09-2025,Tamil Nadu,Dharmapuri,636701,0,1,0
27-09-2025,Tamil Nadu,Dharmapuri,636806,2,0,0
26-10-2025,Tamil Nadu,Dharmapuri,635302,0,1,0
26-10-2025,Tamil Nadu,Dharmapuri,635303,1,0,0
26-10-2025,Tamil Nadu,Dharmapuri,635305,5,1,0
26-10-2025,Tamil Nadu,Dharmapuri,636701,1,1,0
26-10-2025,Tamil Nadu,Dharmapuri,636810,1,2,0
26-10-2025,Tamil Nadu,Dharmapuri,636902,1,0,0
26-10-2025,Tamil Nadu,Dharmapuri,636906,2,0,0
15-10-2025,Tamil Nadu,Dharmapuri,635205,1,1,0
15-10-2025,Tamil Nadu,Dharmapuri,636352,3,0,0
15-10-2025,Tamil Nadu,Dharmapuri,636810,7,1,0
15-10-2025,Tamil Nadu,Dharmapuri,636904,1,0,0
13-10-2025,Tamil Nadu,Dharmapuri,636804,3,0,0
16-10-2025,Tamil Nadu,Dharmapuri,635111,1,0,0
16-10-2025,Tamil Nadu,Dharmapuri,635116,1,0,0
16-10-2025,Tamil Nadu,Dharmapuri,635201,1,0,0
16-10-2025,Tamil Nadu,Dharmapuri,635202,1,0,0
16-10-2025,Tamil Nadu,Dharmapuri,636352,0,1,0
16-10-2025,Tamil Nadu,Dharmapuri,636808,5,0,0
16-10-2025,Tamil Nadu,Dharmapuri,636810,3,0,1
16-10-2025,Tamil Nadu,Dharmapuri,636902,4,0,0
17-10-2025,Tamil Nadu,Dharmapuri,635106,0,1,0
17-10-2025,Tamil Nadu,Dharmapuri,635109,1,0,0
17-10-2025,Tamil Nadu,Dharmapuri,636806,2,0,0
17-10-2025,Tamil Nadu,Dharmapuri,636809,8,0,0
17-10-2025,Tamil Nadu,Dharmapuri,636811,2,0,0
17-10-2025,Tamil Nadu,Dharmapuri,636812,2,0,0
17-10-2025,Tamil Nadu,Dharmapuri,636904,1,1,0
19-10-2025,Tamil Nadu,Dharmapuri,635301,2,1,0
19-10-2025,Tamil Nadu,Dharmapuri,636803,1,1,0
19-10-2025,Tamil Nadu,Dharmapuri,636808,6,0,0
19-10-2025,Tamil Nadu,Dharmapuri,636809,5,0,0
18-10-2025,Tamil Nadu,Dharmapuri,635111,1,0,0
18-10-2025,Tamil Nadu,Dharmapuri,635205,4,0,0
18-10-2025,Tamil Nadu,Dharmapuri,635303,1,0,0
18-10-2025,Tamil Nadu,Dharmapuri,635305,2,0,0
18-10-2025,Tamil Nadu,Dharmapuri,636803,3,0,1
18-10-2025,Tamil Nadu,Dharmapuri,636904,1,0,0
18-10-2025,Tamil Nadu,Dharmapuri,636905,1,1,0
21-10-2025,Tamil Nadu,Dharmapuri,636813,1,0,0
20-10-2025,Tamil Nadu,Dharmapuri,636809,2,0,0
20-10-2025,Tamil Nadu,Dharmapuri,636906,1,0,0
24-10-2025,Tamil Nadu,Dharmapuri,635205,2,1,0
24-10-2025,Tamil Nadu,Dharmapuri,636705,1,0,0
24-10-2025,Tamil Nadu,Dharmapuri,636803,1,1,0
24-10-2025,Tamil Nadu,Dharmapuri,636807,2,0,0
24-10-2025,Tamil Nadu,Dharmapuri,636808,4,0,1
24-10-2025,Tamil Nadu,Dharmapuri,636810,5,0,0
24-10-2025,Tamil Nadu,Dharmapuri,636813,3,0,0
24-10-2025,Tamil Nadu,Dharmapuri,636903,5,2,0
24-10-2025,Tamil Nadu,Dharmapuri,636904,1,0,0
25-10-2025,Tamil Nadu,Dharmapuri,636806,2,0,0
25-10-2025,Tamil Nadu,Dharmapuri,636906,4,0,0
28-10-2025,Tamil Nadu,Dharmapuri,636805,2,0,0
28-10-2025,Tamil Nadu,Dharmapuri,636811,1,0,0
28-10-2025,Tamil Nadu,Dharmapuri,636902,2,0,0
28-10-2025,Tamil Nadu,Dharmapuri,636905,1,0,0
27-10-2025,Tamil Nadu,Dharmapuri,635202,2,0,0
27-10-2025,Tamil Nadu,Dharmapuri,635205,3,0,0
27-10-2025,Tamil Nadu,Dharmapuri,635305,4,0,0
27-10-2025,Tamil Nadu,Dharmapuri,636701,1,0,0
27-10-2025,Tamil Nadu,Dharmapuri,636808,9,1,0
27-10-2025,Tamil Nadu,Dharmapuri,636902,4,0,0
30-10-2025,Tamil Nadu,Dharmapuri,635301,3,2,0
30-10-2025,Tamil Nadu,Dharmapuri,635302,3,1,1
30-10-2025,Tamil Nadu,Dharmapuri,636701,8,0,0
30-10-2025,Tamil Nadu,Dharmapuri,636903,9,2,0
30-10-2025,Tamil Nadu,Dharmapuri,636906,14,4,0
29-10-2025,Tamil Nadu,Dharmapuri,635202,2,0,0
29-10-2025,Tamil Nadu,Dharmapuri,636352,1,0,0
29-10-2025,Tamil Nadu,Dharmapuri,636704,3,0,0
29-10-2025,Tamil Nadu,Dharmapuri,636803,2,0,0
29-10-2025,Tamil Nadu,Dharmapuri,636804,0,1,0
29-10-2025,Tamil Nadu,Dharmapuri,636808,7,2,0
29-10-2025,Tamil Nadu,Dharmapuri,636809,1,0,0
31-10-2025,Tamil Nadu,Dharmapuri,635116,0,1,0
31-10-2025,Tamil Nadu,Dharmapuri,635205,4,1,0
31-10-2025,Tamil Nadu,Dharmapuri,636352,1,1,0
31-10-2025,Tamil Nadu,Dharmapuri,636704,2,0,0
31-10-2025,Tamil Nadu,Dharmapuri,636805,4,2,0
31-10-2025,Tamil Nadu,Dharmapuri,636806,4,1,0
31-10-2025,Tamil Nadu,Dharmapuri,636808,4,2,0
31-10-2025,Tamil Nadu,Dharmapuri,636811,2,0,0
31-10-2025,Tamil Nadu,Dharmapuri,636903,6,1,0
31-10-2025,Tamil Nadu,Dharmapuri,636904,3,2,0
01-11-2025,Tamil Nadu,Dharmapuri,635111,2,0,0
01-11-2025,Tamil Nadu,Dharmapuri,636352,1,1,0
01-11-2025,Tamil Nadu,Dharmapuri,636803,3,3,0
01-11-2025,Tamil Nadu,Dharmapuri,636805,2,1,0
01-11-2025,Tamil Nadu,Dharmapuri,636903,2,0,0
02-11-2025,Tamil Nadu,Dharmapuri,635201,1,0,0
02-11-2025,Tamil Nadu,Dharmapuri,635301,2,2,0
02-11-2025,Tamil Nadu,Dharmapuri,635302,4,0,0
02-11-2025,Tamil Nadu,Dharmapuri,635303,4,0,0
02-11-2025,Tamil Nadu,Dharmapuri,636807,6,2,0
02-11-2025,Tamil Nadu,Dharmapuri,636813,6,3,0
12-11-2025,Tamil Nadu,Dharmapuri,635116,1,0,0
12-11-2025,Tamil Nadu,Dharmapuri,635202,1,0,0
12-11-2025,Tamil Nadu,Dharmapuri,635303,3,2,0
12-11-2025,Tamil Nadu,Dharmapuri,636805,1,0,0
12-11-2025,Tamil Nadu,Dharmapuri,636810,5,1,0
12-11-2025,Tamil Nadu,Dharmapuri,636906,1,1,0
11-11-2025,Tamil Nadu,Dharmapuri,635301,4,1,0
11-11-2025,Tamil Nadu,Dharmapuri,635302,3,0,0
11-11-2025,Tamil Nadu,Dharmapuri,635305,1,1,0
11-11-2025,Tamil Nadu,Dharmapuri,636701,2,0,0
11-11-2025,Tamil Nadu,Dharmapuri,636704,2,0,0
11-11-2025,Tamil Nadu,Dharmapuri,636807,3,0,0
11-11-2025,Tamil Nadu,Dharmapuri,636809,2,1,0
11-11-2025,Tamil Nadu,Dharmapuri,636810,2,1,0
16-11-2025,Tamil Nadu,Dharmapuri,635305,6,1,0
16-11-2025,Tamil Nadu,Dharmapuri,636701,4,1,0
16-11-2025,Tamil Nadu,Dharmapuri,636804,1,0,0
16-11-2025,Tamil Nadu,Dharmapuri,636806,5,1,0
16-11-2025,Tamil Nadu,Dharmapuri,636808,3,0,0
16-11-2025,Tamil Nadu,Dharmapuri,636902,1,0,0
16-11-2025,Tamil Nadu,Dharmapuri,636903,1,0,0
15-11-2025,Tamil Nadu,Dharmapuri,635116,1,0,0
15-11-2025,Tamil Nadu,Dharmapuri,635202,7,0,0
15-11-2025,Tamil Nadu,Dharmapuri,635305,1,0,0
15-11-2025,Tamil Nadu,Dharmapuri,636904,1,0,0
15-11-2025,Tamil Nadu,Dharmapuri,636905,2,0,0
03-11-2025,Tamil Nadu,Dharmapuri,635119,1,0,0
03-11-2025,Tamil Nadu,Dharmapuri,635302,2,0,0
03-11-2025,Tamil Nadu,Dharmapuri,636704,3,0,0
03-11-2025,Tamil Nadu,Dharmapuri,636804,2,2,0
03-11-2025,Tamil Nadu,Dharmapuri,636806,5,0,0
03-11-2025,Tamil Nadu,Dharmapuri,636808,15,0,0
03-11-2025,Tamil Nadu,Dharmapuri,636813,6,2,0
05-11-2025,Tamil Nadu,Dharmapuri,635116,2,1,0
05-11-2025,Tamil Nadu,Dharmapuri,636704,3,0,0
05-11-2025,Tamil Nadu,Dharmapuri,636811,2,1,0
05-11-2025,Tamil Nadu,Dharmapuri,636903,1,2,0
04-11-2025,Tamil Nadu,Dharmapuri,636813,1,0,0
07-11-2025,Tamil Nadu,Dharmapuri,635301,4,0,0
07-11-2025,Tamil Nadu,Dharmapuri,635303,7,0,0
07-11-2025,Tamil Nadu,Dharmapuri,636807,5,1,0
06-11-2025,Tamil Nadu,Dharmapuri,635116,1,0,0
06-11-2025,Tamil Nadu,Dharmapuri,635301,3,0,0
06-11-2025,Tamil Nadu,Dharmapuri,636352,1,0,0
06-11-2025,Tamil Nadu,Dharmapuri,636803,4,0,0
06-11-2025,Tamil Nadu,Dharmapuri,636804,2,0,0
06-11-2025,Tamil Nadu,Dharmapuri,636805,5,0,0
08-11-2025,Tamil Nadu,Dharmapuri,635202,1,1,0
08-11-2025,Tamil Nadu,Dharmapuri,636805,2,0,0
08-11-2025,Tamil Nadu,Dharmapuri,636811,4,1,0
08-11-2025,Tamil Nadu,Dharmapuri,636813,1,1,0
08-11-2025,Tamil Nadu,Dharmapuri,636902,1,0,0
10-11-2025,Tamil Nadu,Dharmapuri,636352,1,0,0
09-11-2025,Tamil Nadu,Dharmapuri,635106,1,0,0
09-11-2025,Tamil Nadu,Dharmapuri,635202,3,1,0
09-11-2025,Tamil Nadu,Dharmapuri,636803,4,0,0
09-11-2025,Tamil Nadu,Dharmapuri,636804,1,0,0
09-11-2025,Tamil Nadu,Dharmapuri,636808,7,0,0
09-11-2025,Tamil Nadu,Dharmapuri,636809,4,0,0
09-11-2025,Tamil Nadu,Dharmapuri,636811,1,2,0
09-11-2025,Tamil Nadu,Dharmapuri,636903,3,0,0
09-11-2025,Tamil Nadu,Dharmapuri,636906,1,0,0
13-11-2025,Tamil Nadu,Dharmapuri,636812,1,0,0
13-11-2025,Tamil Nadu,Dharmapuri,636905,2,0,0
14-11-2025,Tamil Nadu,Dharmapuri,636810,4,0,0
14-11-2025,Tamil Nadu,Dharmapuri,636812,1,0,0
18-11-2025,Tamil Nadu,Dharmapuri,635303,2,0,0
18-11-2025,Tamil Nadu,Dharmapuri,636904,0,1,0
17-11-2025,Tamil Nadu,Dharmapuri,635202,6,0,0
17-11-2025,Tamil Nadu,Dharmapuri,635301,1,1,0
17-11-2025,Tamil Nadu,Dharmapuri,635303,1,0,0
17-11-2025,Tamil Nadu,Dharmapuri,636701,2,0,0
17-11-2025,Tamil Nadu,Dharmapuri,636704,5,1,0
17-11-2025,Tamil Nadu,Dharmapuri,636805,1,0,0
17-11-2025,Tamil Nadu,Dharmapuri,636808,7,2,0
17-11-2025,Tamil Nadu,Dharmapuri,636813,0,2,0
25-11-2025,Tamil Nadu,Dharmapuri,635205,5,0,0
25-11-2025,Tamil Nadu,Dharmapuri,636352,1,0,0
25-11-2025,Tamil Nadu,Dharmapuri,636803,2,1,0
25-11-2025,Tamil Nadu,Dharmapuri,636812,1,0,0
19-11-2025,Tamil Nadu,Dharmapuri,635001,1,0,0
19-11-2025,Tamil Nadu,Dharmapuri,635202,7,0,0
19-11-2025,Tamil Nadu,Dharmapuri,635305,3,0,0
19-11-2025,Tamil Nadu,Dharmapuri,636806,2,1,0
19-11-2025,Tamil Nadu,Dharmapuri,636808,6,0,0
19-11-2025,Tamil Nadu,Dharmapuri,636906,3,3,0
15-12-2025,Tamil Nadu,Dharmapuri,635305,6,0,0
15-12-2025,Tamil Nadu,Dharmapuri,636705,3,0,0
21-12-2025,Tamil Nadu,Dharmapuri,635106,1,0,0
21-12-2025,Tamil Nadu,Dharmapuri,635201,1,0,0
21-12-2025,Tamil Nadu,Dharmapuri,635202,2,0,0
21-12-2025,Tamil Nadu,Dharmapuri,635301,1,0,0
21-12-2025,Tamil Nadu,Dharmapuri,636810,4,0,0
21-12-2025,Tamil Nadu,Dharmapuri,636903,2,0,0
23-12-2025,Tamil Nadu,Dharmapuri,635204,1,0,0
23-12-2025,Tamil Nadu,Dharmapuri,636810,4,0,0
23-12-2025,Tamil Nadu,Dharmapuri,636813,4,0,0
22-12-2025,Tamil Nadu,Dharmapuri,636705,3,0,0
22-12-2025,Tamil Nadu,Dharmapuri,636807,9,0,0
22-12-2025,Tamil Nadu,Dharmapuri,636903,18,0,0
24-12-2025,Tamil Nadu,Dharmapuri,635202,2,0,1
24-12-2025,Tamil Nadu,Dharmapuri,635303,0,0,2
24-12-2025,Tamil Nadu,Dharmapuri,636705,1,0,0
24-12-2025,Tamil Nadu,Dharmapuri,636806,0,1,0
24-12-2025,Tamil Nadu,Dharmapuri,636808,4,0,0
24-12-2025,Tamil Nadu,Dharmapuri,636810,7,0,2
26-12-2025,Tamil Nadu,Dharmapuri,636704,1,0,0
26-12-2025,Tamil Nadu,Dharmapuri,636806,1,0,0
26-12-2025,Tamil Nadu,Dharmapuri,636813,1,0,0
26-12-2025,Tamil Nadu,Dharmapuri,636902,1,0,0
25-12-2025,Tamil Nadu,Dharmapuri,636805,3,0,0
28-12-2025,Tamil Nadu,Dharmapuri,635202,5,1,0
28-12-2025,Tamil Nadu,Dharmapuri,635205,1,0,0
28-12-2025,Tamil Nadu,Dharmapuri,636811,0,1,0
28-12-2025,Tamil Nadu,Dharmapuri,636904,1,1,0
29-12-2025,Tamil Nadu,Dharmapuri,635111,1,0,0
29-12-2025,Tamil Nadu,Dharmapuri,636810,7,0,0
27-12-2025,Tamil Nadu,Dharmapuri,635301,4,0,0
27-12-2025,Tamil Nadu,Dharmapuri,636805,6,0,0
31-12-2025,Tamil Nadu,Dharmapuri,635111,5,1,0
31-12-2025,Tamil Nadu,Dharmapuri,635205,0,2,0
31-12-2025,Tamil Nadu,Dharmapuri,635302,2,2,0
31-12-2025,Tamil Nadu,Dharmapuri,635305,2,3,1
31-12-2025,Tamil Nadu,Dharmapuri,636808,8,4,0
31-12-2025,Tamil Nadu,Dharmapuri,636809,4,2,0
31-12-2025,Tamil Nadu,Dharmapuri,636903,3,5,2
01-01-2026,Tamil Nadu,Dharmapuri,635109,1,0,0
01-01-2026,Tamil Nadu,Dharmapuri,635202,6,2,0
01-01-2026,Tamil Nadu,Dharmapuri,636705,4,1,0
02-01-2026,Tamil Nadu,Dharmapuri,635111,3,0,0
02-01-2026,Tamil Nadu,Dharmapuri,635301,6,1,0
02-01-2026,Tamil Nadu,Dharmapuri,636807,1,2,0
02-01-2026,Tamil Nadu,Dharmapuri,636811,0,2,0
02-01-2026,Tamil Nadu,Dharmapuri,636904,1,2,0
03-01-2026,Tamil Nadu,Dharmapuri,636809,2,0,0
09-06-2025,Tamil Nadu,Dharmapuri,635123,1,1,0
09-06-2025,Tamil Nadu,Dharmapuri,635205,1,0,0
09-06-2025,Tamil Nadu,Dharmapuri,636701,4,1,0
09-06-2025,Tamil Nadu,Dharmapuri,636704,4,0,0
09-06-2025,Tamil Nadu,Dharmapuri,636803,3,3,0
11-06-2025,Tamil Nadu,Dharmapuri,635120,0,1,0
11-06-2025,Tamil Nadu,Dharmapuri,635303,1,2,0
11-06-2025,Tamil Nadu,Dharmapuri,636809,7,2,0
11-06-2025,Tamil Nadu,Dharmapuri,636811,2,0,0
11-06-2025,Tamil Nadu,Dharmapuri,636813,3,1,0
11-06-2025,Tamil Nadu,Dharmapuri,636902,1,1,0
10-06-2025,Tamil Nadu,Dharmapuri,635109,0,1,0
10-06-2025,Tamil Nadu,Dharmapuri,635205,3,2,0
10-06-2025,Tamil Nadu,Dharmapuri,635301,0,1,0
10-06-2025,Tamil Nadu,Dharmapuri,636352,0,1,0
10-06-2025,Tamil Nadu,Dharmapuri,636803,2,1,0
10-06-2025,Tamil Nadu,Dharmapuri,636804,1,0,0
10-06-2025,Tamil Nadu,Dharmapuri,636808,4,2,0
10-06-2025,Tamil Nadu,Dharmapuri,636812,1,0,0
10-06-2025,Tamil Nadu,Dharmapuri,636813,3,3,0
10-06-2025,Tamil Nadu,Dharmapuri,636905,0,1,0
10-06-2025,Tamil Nadu,Dharmapuri,636906,3,1,0
12-06-2025,Tamil Nadu,Dharmapuri,635106,2,0,0
12-06-2025,Tamil Nadu,Dharmapuri,635116,1,0,0
12-06-2025,Tamil Nadu,Dharmapuri,636705,2,0,0
12-06-2025,Tamil Nadu,Dharmapuri,636806,2,0,0
13-06-2025,Tamil Nadu,Dharmapuri,635202,4,0,0
13-06-2025,Tamil Nadu,Dharmapuri,635305,1,0,0
13-06-2025,Tamil Nadu,Dharmapuri,636701,3,2,0
13-06-2025,Tamil Nadu,Dharmapuri,636803,6,0,0
13-06-2025,Tamil Nadu,Dharmapuri,636805,1,0,0
13-06-2025,Tamil Nadu,Dharmapuri,636809,4,5,0
13-06-2025,Tamil Nadu,Dharmapuri,636810,3,1,0
14-06-2025,Tamil Nadu,Dharmapuri,635205,6,1,0
14-06-2025,Tamil Nadu,Dharmapuri,636803,1,0,0
14-06-2025,Tamil Nadu,Dharmapuri,636807,0,2,0
14-06-2025,Tamil Nadu,Dharmapuri,636808,1,2,0
14-06-2025,Tamil Nadu,Dharmapuri,636810,2,2,0
17-06-2025,Tamil Nadu,Dharmapuri,635302,1,0,0
17-06-2025,Tamil Nadu,Dharmapuri,636805,1,1,0
17-06-2025,Tamil Nadu,Dharmapuri,636811,2,1,0
17-06-2025,Tamil Nadu,Dharmapuri,636906,3,1,0
16-06-2025,Tamil Nadu,Dharmapuri,635202,3,1,0
16-06-2025,Tamil Nadu,Dharmapuri,636803,2,3,0
16-06-2025,Tamil Nadu,Dharmapuri,636806,1,2,0
16-06-2025,Tamil Nadu,Dharmapuri,636807,4,0,0
16-06-2025,Tamil Nadu,Dharmapuri,636810,4,2,0
16-06-2025,Tamil Nadu,Dharmapuri,636813,1,1,0
16-06-2025,Tamil Nadu,Dharmapuri,636902,2,2,0
18-06-2025,Tamil Nadu,Dharmapuri,635205,2,0,0
18-06-2025,Tamil Nadu,Dharmapuri,635303,1,1,0
18-06-2025,Tamil Nadu,Dharmapuri,636804,2,0,0
18-06-2025,Tamil Nadu,Dharmapuri,636807,3,1,0
19-06-2025,Tamil Nadu,Dharmapuri,635202,5,3,0
19-06-2025,Tamil Nadu,Dharmapuri,635302,1,2,0
19-06-2025,Tamil Nadu,Dharmapuri,635305,3,1,0
19-06-2025,Tamil Nadu,Dharmapuri,636805,1,2,0
19-06-2025,Tamil Nadu,Dharmapuri,636808,10,8,0
